冷_0,het000,來青四開 平郎丁,leng¹,leŋ¹
冷_1,het000,來庚二開 上魯打,læng²,læŋ²
冷_2,het000,來青四開 上力鼎,leng²,leŋ²
瀑_0,het001,並豪一開 去薄報,baw³,baw³
瀑_1,het001,並東一開 入蒲木,buwk⁴,bukʷ⁴
叔,het002,書東三開 入式竹,syuwk⁴,ɕukʷ⁴
料_0,het003,來蕭四開 平落蕭,lew¹,lew¹
料_1,het003,來蕭四開 去力弔,lew³,lew³
泆_0,het004,以眞三開 入夷質,yit⁴,jit⁴
泆_1,het004,定先四開 入徒結,det⁴,det⁴
雖,het005,心脂三合 平息遺,swij¹,swij¹
磨_0,het006,明戈一合 平莫婆,mwa¹,mwa¹
磨_1,het006,明戈一合 去摸卧,mwa³,mwa³
芾_0,het007,幫微三合 去方味,pjwɨj³,pjwɨj³
芾_1,het007,幫泰一開 去愽蓋,paj³,paj³
芾_2,het007,幫文三合 入分勿,pjut⁴,pjut⁴
幾_0,het008,群微三開 平渠希,gjɨj¹,gjɨj¹
幾_1,het008,見微三開 平居依,kjɨj¹,kjɨj¹
幾_2,het008,見微三開 上居狶,kjɨj²,kjɨj²
幾_3,het008,群微三開 去其旣,gjɨj³,gjɨj³
衣_0,het009,影微三開 平於希,ʔjɨj¹,ʔjɨj¹
衣_1,het009,影微三開 去於旣,ʔjɨj³,ʔjɨj³
馗_0,het010,群脂三合 平渠追-重鈕,gwij¹,gwij¹
馗_1,het010,群尤三開 平巨鳩,gjuw¹,gjuw¹
媛_0,het011,云元三合 平雨元,hjwon¹,ɣjwon¹
媛_1,het011,云仙三合 去王眷-重鈕,hjwen³,ɣjwen³
反_0,het012,滂元三合 平孚袁,phjwon¹,pʰjwon¹
反_1,het012,幫元三合 上府遠,pjwon²,pjwon²
頇_0,het013,曉寒一開 平許干,xan¹,xan¹
頇_1,het013,疑寒一開 去五旰,ngan³,ŋan³
頇_2,het013,疑寒一開 入五割,ngat⁴,ŋat⁴
扔_0,het014,日蒸三開 平如乗,nying¹,ɲiŋ¹
扔_1,het014,日蒸三開 去而證,nying³,ɲiŋ³
且_0,het015,精魚三開 平子魚,tsjo¹,t͡sjo¹
且_1,het015,清麻三開 上七也,tshjæ²,t͡sʰjæ²
澮,het016,見泰一合 去古外,kwaj³,kwaj³
扮_0,het017,幫文三合 平府文,pjun¹,pjun¹
扮_1,het017,曉佳二合 上花夥,xwɛɨ²,xwɛɨ²
扮_2,het017,幫文三合 上方吻,pjun²,pjun²
扮_3,het017,並文三合 上房吻,bjun²,bjun²
扮_4,het017,幫山二開 去脯幻,pɛn³,pɛn³
賓,het018,幫眞三開 平必鄰,pin¹,pin¹
喪_0,het019,心唐一開 平息郎,sang¹,saŋ¹
喪_1,het019,心唐一開 去蘇浪,sang³,saŋ³
見_0,het020,見先四開 去古電,ken³,ken³
見_1,het020,匣先四開 去胡甸,hen³,ɣen³
蔘_0,het021,生侵三開 平所今-重鈕,srim¹,ʂim¹
蔘_1,het021,心覃一開 平蘇含,som¹,som¹
重_0,het022,澄鍾三開 平直容,drjowng¹,ɖjoŋʷ¹
重_1,het022,澄鍾三開 上直隴,drjowng²,ɖjoŋʷ²
重_2,het022,澄鍾三開 去柱用,drjowng³,ɖjoŋʷ³
屎_0,het023,曉脂三開 平喜夷,xij¹,xij¹
屎_1,het023,書脂三開 上式視-重鈕,syij²,ɕij²
說_0,het024,書祭三合 去舒芮,sywej³,ɕwej³
說_1,het024,以仙三合 入弋雪,ywet⁴,jwet⁴
說_2,het024,書仙三合 入失爇,sywet⁴,ɕwet⁴
仇,het025,群尤三開 平巨鳩,gjuw¹,gjuw¹
錯_0,het026,清模一開 去倉故,tshu³,t͡sʰu³
錯_1,het026,清唐一開 入倉各,tshak⁴,t͡sʰak⁴
傳_0,het027,澄仙三合 平直攣-重鈕,drjwen¹,ɖjwen¹
傳_1,het027,澄仙三合 去直戀-重鈕,drjwen³,ɖjwen³
傳_2,het027,知仙三合 去知戀-重鈕,trjwen³,ʈjwen³
奓_0,het028,知麻二開 平陟加,træ¹,ʈæ¹
奓_1,het028,知麻二開 去陟駕,træ³,ʈæ³
鈃,het029,匣青四開 平戸經,heng¹,ɣeŋ¹
棑_0,het030,並佳二開 平薄佳,bɛɨ¹,bɛɨ¹
棑_1,het030,並皆二開 去蒲拜,bɛj³,bɛj³
徎_0,het031,澄清三開 上丈井,drjieng²,ɖjieŋ²
徎_1,het031,透青四開 上他鼎,theng²,tʰeŋ²
靡,het032,明支三開 上文彼-重鈕,mje²,mje²
訾_0,het033,精支三開 平即移,tsje¹,t͡sje¹
訾_1,het033,精支三開 上將此,tsje²,t͡sje²
蒼_0,het034,清唐一開 平七岡,tshang¹,t͡sʰaŋ¹
蒼_1,het034,清唐一開 上麁朗,tshang²,t͡sʰaŋ²
枇_0,het035,並脂三開 平房脂,bij¹,bij¹
枇_1,het035,幫脂三開 上卑履,pij²,pij²
枇_2,het035,並脂三開 去毗至,bij³,bij³
慺_0,het036,來虞三合 平力朱,lju¹,lju¹
慺_1,het036,來侯一開 平落侯,luw¹,luw¹
慺_2,het036,來虞三合 上力主,lju²,lju²
矜_0,het037,見蒸三開 平居陵,king¹,kiŋ¹
矜_1,het037,群眞三開 平巨巾-重鈕,gin¹,gin¹
矜_2,het037,群欣三開 平巨斤,gjɨn¹,gjɨn¹
滂,het038,滂唐一開 平普郎,phang¹,pʰaŋ¹
索_0,het039,心唐一開 入蘇各,sak⁴,sak⁴
索_1,het039,生庚三開 入山戟,srjæk⁴,ʂjæk⁴
索_2,het039,生耕二開 入山責,srɛk⁴,ʂɛk⁴
蟣_0,het040,群微三開 平渠希,gjɨj¹,gjɨj¹
蟣_1,het040,見微三開 上居狶,kjɨj²,kjɨj²
夭_0,het041,影宵三開 平於喬-重鈕,ʔjew¹,ʔjew¹
夭_1,het041,影宵三開 上於兆-重鈕,ʔjew²,ʔjew²
夭_2,het041,影豪一開 上烏晧,ʔaw²,ʔaw²
尉_0,het042,影微三合 去於胃,ʔjwɨj³,ʔjwɨj³
尉_1,het042,影文三合 入紆物,ʔjut⁴,ʔjut⁴
穫,het043,匣唐一合 入胡郭,hwak⁴,ɣwak⁴
竺_0,het044,端東一開 入丁木,tuwk⁴,tukʷ⁴
竺_1,het044,知東三開 入張六,trjuwk⁴,ʈjukʷ⁴
竺_2,het044,端冬一開 入冬毒,towk⁴,tokʷ⁴
裨_0,het045,幫支三開 平府移,pje¹,pje¹
裨_1,het045,並支三開 平符支,bje¹,bje¹
逮_0,het046,定齊四開 去特計,dej³,dej³
逮_1,het046,定咍一開 去徒耐,doj³,doj³
蜻_0,het047,精清三開 平子盈,tsjieng¹,t͡sjieŋ¹
蜻_1,het047,清青四開 平倉經,tsheng¹,t͡sʰeŋ¹
芋_0,het048,云虞三合 平羽俱,hju¹,ɣju¹
芋_1,het048,云虞三合 去王遇,hju³,ɣju³
鹽_0,het049,以鹽三開 平余廉,yem¹,jem¹
鹽_1,het049,以鹽三開 去以贍,yem³,jem³
右_0,het050,云尤三開 上云久,hjuw²,ɣjuw²
右_1,het050,云尤三開 去于救,hjuw³,ɣjuw³
向_0,het051,書陽三開 去式亮,syang³,ɕaŋ³
向_1,het051,曉陽三開 去許亮,xjang³,xjaŋ³
咽_0,het052,影先四開 平烏前,ʔen¹,ʔen¹
咽_1,het052,影先四開 去於甸,ʔen³,ʔen³
咽_2,het052,影先四開 入烏結,ʔet⁴,ʔet⁴
喋_0,het053,定添四開 入徒協,dep⁴,dep⁴
喋_1,het053,端添四開 入丁愜,tep⁴,tep⁴
喋_2,het053,澄銜二開 入丈甲,dræp⁴,ɖæp⁴
睩,het054,來東一開 入盧谷,luwk⁴,lukʷ⁴
藨_0,het055,幫宵三開 平甫嬌-重鈕,pjew¹,pjew¹
藨_1,het055,滂豪一開 平普袍,phaw¹,pʰaw¹
藨_2,het055,並宵三開 上平表-重鈕,bjew²,bjew²
度_0,het056,定模一開 去徒故,du³,du³
度_1,het056,定唐一開 入徒落,dak⁴,dak⁴
汩,het057,見魂一合 入古忽,kwot⁴,kwot⁴
屍_0,het058,書脂三開 平式之,syij¹,ɕij¹
屍_1,het058,書脂三開 去矢利,syij³,ɕij³
核,het059,匣耕二開 入下革,hɛk⁴,ɣɛk⁴
渠,het060,群魚三開 平強魚,gjo¹,gjo¹
操_0,het061,清豪一開 平七刀,tshaw¹,t͡sʰaw¹
操_1,het061,心侯一開 上蘇后,suw²,suw²
操_2,het061,清豪一開 去七到,tshaw³,t͡sʰaw³
儓_0,het062,定咍一開 平徒哀,doj¹,doj¹
儓_1,het062,透咍一開 去他代,thoj³,tʰoj³
牽_0,het063,溪先四開 平苦堅,khen¹,kʰen¹
牽_1,het063,溪先四開 去苦甸,khen³,kʰen³
切_0,het064,清齊四開 去七計,tshej³,t͡sʰej³
切_1,het064,清先四開 入千結,tshet⁴,t͡sʰet⁴
廁,het065,初之三開 去初吏,tshri³,ʈ͡ʂʰi³
椅_0,het066,影支三開 平於離-重鈕,ʔje¹,ʔje¹
椅_1,het066,影支三開 上於綺-重鈕,ʔje²,ʔje²
㒝_0,het067,明元三合 入望發,mjwot⁴,mjwot⁴
㒝_1,het067,明先四開 入莫結,met⁴,met⁴
亹_0,het068,明魂一合 平莫奔,mwon¹,mwon¹
亹_1,het068,明微三合 上無匪,mjwɨj²,mjwɨj²
勝_0,het069,書蒸三開 平識蒸,sying¹,ɕiŋ¹
勝_1,het069,書蒸三開 去詩證,sying³,ɕiŋ³
殺_0,het070,生皆二開 去所拜,srɛj³,ʂɛj³
殺_1,het070,生山二開 入所八,srɛt⁴,ʂɛt⁴
綸_0,het071,來諄三合 平力迍,lwin¹,lwin¹
綸_1,het071,見山二合 平古頑,kwɛn¹,kwɛn¹
悖_0,het072,並灰一合 去蒲昧,bwoj³,bwoj³
悖_1,het072,並魂一合 入蒲没,bwot⁴,bwot⁴
捔_0,het073,見江二開 入古岳,kæwk⁴,kækʷ⁴
捔_1,het073,崇江二開 入士角,dzræwk⁴,ɖ͡ʐækʷ⁴
帣,het074,見仙三合 去居倦-重鈕,kjwen³,kjwen³
請_0,het075,從清三開 平疾盈,dzjieng¹,d͡zjieŋ¹
請_1,het075,清清三開 上七靜,tshjieng²,t͡sʰjieŋ²
請_2,het075,從清三開 去疾政,dzjieng³,d͡zjieŋ³
隩_0,het076,影豪一開 去烏到,ʔaw³,ʔaw³
隩_1,het076,影東三開 入於六,ʔjuwk⁴,ʔjukʷ⁴
麴,het077,溪東三開 入驅匊,khjuwk⁴,kʰjukʷ⁴
離_0,het078,來支三開 平呂支,lje¹,lje¹
離_1,het078,來支三開 去力智,lje³,lje³
離_2,het078,來齊四開 去郎計,lej³,lej³
杈_0,het079,初麻二開 平初加,tshræ¹,ʈ͡ʂʰæ¹
杈_1,het079,初佳二開 去楚懈,tshrɛɨ³,ʈ͡ʂʰɛɨ³
頫_0,het080,幫虞三合 上方矩,pju²,pju²
頫_1,het080,透蕭四開 去他弔,thew³,tʰew³
禺_0,het081,疑虞三合 平虞俱,ngju¹,ŋju¹
禺_1,het081,疑虞三合 去牛具,ngju³,ŋju³
僋_0,het082,透覃一開 去他紺,thom³,tʰom³
僋_1,het082,來覃一開 去郎紺,lom³,lom³
如_0,het083,日魚三開 平人諸,nyo¹,ɲo¹
如_1,het083,日魚三開 去人恕,nyo³,ɲo³
嫪_0,het084,來豪一開 平魯刀,law¹,law¹
嫪_1,het084,來豪一開 去郎到,law³,law³
溥_0,het085,滂模一開 上滂古,phu²,pʰu²
溥_1,het085,幫唐一合 入補各,pwak⁴,pwak⁴
蠃_0,het086,來戈一合 平落戈,lwa¹,lwa¹
蠃_1,het086,來戈一合 上郎果,lwa²,lwa²
淰_0,het087,書侵三開 上式任,syim²,ɕim²
淰_1,het087,泥添四開 上乃玷,nem²,nem²
淰_2,het087,娘咸二開 上女減,nrɛm²,ɳɛm²
勷,het088,日陽三開 平汝陽,nyang¹,ɲaŋ¹
嶙_0,het089,來眞三開 平力珍,lin¹,lin¹
嶙_1,het089,來眞三開 上良忍,lin²,lin²
尚_0,het090,常陽三開 平市羊,dzyang¹,d͡ʑaŋ¹
尚_1,het090,常陽三開 去時亮,dzyang³,d͡ʑaŋ³
野_0,het091,常魚三開 上承與,dzyo²,d͡ʑo²
野_1,het091,以麻三開 上羊者,yæ²,jæ²
茇_0,het092,幫桓一合 入北末,pwat⁴,pwat⁴
茇_1,het092,並桓一合 入蒲撥,bwat⁴,bwat⁴
稞_0,het093,溪戈一合 平苦禾,khwa¹,kʰwa¹
稞_1,het093,匣麻二合 上胡瓦,hwæ²,ɣwæ²
趄,het094,清魚三開 平七余,tshjo¹,t͡sʰjo¹
极_0,het095,群鹽三開 入其輒-重鈕,gjep⁴,gjep⁴
极_1,het095,群嚴三開 入巨業,gjæp⁴,gjæp⁴
齹_0,het096,崇支三開 平士移,dzrje¹,ɖ͡ʐje¹
齹_1,het096,從歌一開 平昨何,dza¹,d͡za¹
嚮_0,het097,曉陽三開 上許兩,xjang²,xjaŋ²
嚮_1,het097,曉陽三開 去許亮,xjang³,xjaŋ³
𡕒_0,het098,溪麻二合 上苦瓦,khwæ²,kʰwæ²
𡕒_1,het098,溪麻二合 去苦化,khwæ³,kʰwæ³
佗_0,het099,定歌一開 平徒河,da¹,da¹
佗_1,het099,透歌一開 平託何,tha¹,tʰa¹
思_0,het100,心之三開 平息兹,si¹,si¹
思_1,het100,心之三開 去相吏,si³,si³
調_0,het101,定蕭四開 平徒聊,dew¹,dew¹
調_1,het101,知尤三開 平張流,trjuw¹,ʈjuw¹
調_2,het101,定蕭四開 去徒弔,dew³,dew³
戲_0,het102,曉支三開 平許羈-重鈕,xje¹,xje¹
戲_1,het102,曉模一開 平荒烏,xu¹,xu¹
戲_2,het102,曉支三開 去香義-重鈕,xje³,xje³
惆_0,het103,徹尤三開 平丑鳩,trhjuw¹,ʈʰjuw¹
惆_1,het103,溪尤三開 平去秋,khjuw¹,kʰjuw¹
濄_0,het104,見戈一合 平古禾,kwa¹,kwa¹
濄_1,het104,影戈一合 平烏禾,ʔwa¹,ʔwa¹
參_0,het105,生侵三開 平所今-重鈕,srim¹,ʂim¹
參_1,het105,初侵三開 平楚簪-重鈕,tshrim¹,ʈ͡ʂʰim¹
參_2,het105,清覃一開 平倉含,tshom¹,t͡sʰom¹
參_3,het105,心談一開 平蘇甘,sam¹,sam¹
參_4,het105,清覃一開 去七紺,tshom³,t͡sʰom³
懊_0,het106,影豪一開 上烏晧,ʔaw²,ʔaw²
懊_1,het106,影豪一開 去烏到,ʔaw³,ʔaw³
懊_2,het106,影東三開 入於六,ʔjuwk⁴,ʔjukʷ⁴
占_0,het107,章鹽三開 平職廉,tsyem¹,t͡ɕem¹
占_1,het107,章鹽三開 去章豔,tsyem³,t͡ɕem³
瓠_0,het108,匣模一開 平戸吳,hu¹,ɣu¹
瓠_1,het108,匣模一開 去胡誤,hu³,ɣu³
僂_0,het109,來侯一開 平落侯,luw¹,luw¹
僂_1,het109,來虞三合 上力主,lju²,lju²
僂_2,het109,來侯一開 去盧候,luw³,luw³
儐_0,het110,幫眞三開 平必鄰,pin¹,pin¹
儐_1,het110,幫眞三開 去必刃,pin³,pin³
少_0,het111,書宵三開 上書沼,syew²,ɕew²
少_1,het111,書宵三開 去失照,syew³,ɕew³
瞜_0,het112,來虞三合 平力朱,lju¹,lju¹
瞜_1,het112,來侯一開 平落侯,luw¹,luw¹
場,het113,澄陽三開 平直良,drjang¹,ɖjaŋ¹
憧_0,het114,昌鍾三開 平尺容,tshyowng¹,t͡ɕʰoŋʷ¹
憧_1,het114,澄江二開 去直絳,dræwng³,ɖæŋʷ³
陳_0,het115,澄眞三開 平直珍-重鈕,drin¹,ɖin¹
陳_1,het115,澄眞三開 去直刃-重鈕,drin³,ɖin³
活_0,het116,見桓一合 入古活,kwat⁴,kwat⁴
活_1,het116,匣桓一合 入戸括,hwat⁴,ɣwat⁴
舄_0,het117,清陽三開 入七雀,tshjak⁴,t͡sʰjak⁴
舄_1,het117,心清三開 入思積,sjek⁴,sjek⁴
笪_0,het118,端寒一開 上多旱,tan²,tan²
笪_1,het118,端寒一開 去得按,tan³,tan³
笪_2,het118,端寒一開 入當割,tat⁴,tat⁴
耶,het119,以麻三開 平以遮,yæ¹,jæ¹
渾_0,het120,匣魂一合 平戸昆,hwon¹,ɣwon¹
渾_1,het120,匣魂一合 上胡本,hwon²,ɣwon²
濼_0,het121,來東一開 入盧谷,luwk⁴,lukʷ⁴
濼_1,het121,滂東一開 入普木,phuwk⁴,pʰukʷ⁴
濼_2,het121,來冬一開 入盧毒,lowk⁴,lokʷ⁴
濼_3,het121,來唐一開 入盧各,lak⁴,lak⁴
濼_4,het121,滂唐一合 入匹各,phwak⁴,pʰwak⁴
濼_5,het121,來青四開 入郎擊,lek⁴,lek⁴
斷_0,het122,端桓一合 上都管,twan²,twan²
斷_1,het122,定桓一合 上徒管,dwan²,dwan²
斷_2,het122,端桓一合 去丁貫,twan³,twan³
番_0,het123,並元三合 平附袁,bjwon¹,bjwon¹
番_1,het123,滂元三合 平孚袁,phjwon¹,pʰjwon¹
番_2,het123,滂桓一合 平普官,phwan¹,pʰwan¹
番_3,het123,幫戈一合 平博禾,pwa¹,pwa¹
番_4,het123,幫戈一合 去補過,pwa³,pwa³
熯_0,het124,曉寒一開 上呼旱,xan²,xan²
熯_1,het124,日仙三開 上人善,nyen²,ɲen²
熯_2,het124,曉寒一開 去呼旰,xan³,xan³
坉_0,het125,定魂一合 平徒渾,dwon¹,dwon¹
坉_1,het125,定魂一合 上徒損,dwon²,dwon²
啞_0,het126,影麻二開 上烏下,ʔæ²,ʔæ²
啞_1,het126,影麻二開 去衣嫁,ʔæ³,ʔæ³
啞_2,het126,影庚二開 入烏格,ʔæk⁴,ʔæk⁴
啞_3,het126,影耕二開 入於革,ʔɛk⁴,ʔɛk⁴
炕_0,het127,曉唐一開 平呼郎,xang¹,xaŋ¹
炕_1,het127,溪唐一開 去苦浪,khang³,kʰaŋ³
丸,het128,匣桓一合 平胡官,hwan¹,ɣwan¹
冠_0,het129,見桓一合 平古丸,kwan¹,kwan¹
冠_1,het129,見桓一合 去古玩,kwan³,kwan³
孓_0,het130,見元三合 入居月,kjwot⁴,kjwot⁴
孓_1,het130,見文三合 入九勿,kjut⁴,kjut⁴
孓_2,het130,見鍾三開 上居悚,kjowng²,kjoŋʷ²
滇_0,het131,定先四開 平徒年,den¹,den¹
滇_1,het131,端先四開 平都年,ten¹,ten¹
滇_2,het131,透先四開 去他甸,then³,tʰen³
約_0,het132,影宵三開 去於笑,ʔjew³,ʔjew³
約_1,het132,影陽三開 入於略,ʔjak⁴,ʔjak⁴
蛆_0,het133,清魚三開 平七余,tshjo¹,t͡sʰjo¹
蛆_1,het133,精魚三開 平子魚,tsjo¹,t͡sjo¹
佃_0,het134,定先四開 平徒年,den¹,den¹
佃_1,het134,定先四開 去堂練,den³,den³
婁_0,het135,來虞三合 平力朱,lju¹,lju¹
婁_1,het135,來侯一開 平落侯,luw¹,luw¹
蒡_0,het136,並庚二開 平薄庚,bæng¹,bæŋ¹
蒡_1,het136,幫唐一開 上北朗,pang²,paŋ²
事_0,het137,莊之三開 去側吏,tsri³,ʈ͡ʂi³
事_1,het137,崇之三開 去鉏吏,dzri³,ɖ͡ʐi³
孅,het138,心鹽三開 平息廉,sjem¹,sjem¹
斜_0,het139,以麻三開 平以遮,yæ¹,jæ¹
斜_1,het139,邪麻三開 平似嗟,zjæ¹,zjæ¹
蝹_0,het140,影眞三合 平於倫-重鈕,ʔin¹,ʔin¹
蝹_1,het140,影文三合 平於云,ʔjun¹,ʔjun¹
蝹_2,het140,影豪一開 上烏晧,ʔaw²,ʔaw²
褶_0,het141,常侵三開 入是執,dzyip⁴,d͡ʑip⁴
褶_1,het141,邪侵三開 入似入,zip⁴,zip⁴
褶_2,het141,定添四開 入徒協,dep⁴,dep⁴
闕,het142,溪元三合 入去月,khjwot⁴,kʰjwot⁴
馥_0,het143,並東三開 入房六,bjuwk⁴,bjukʷ⁴
馥_1,het143,並蒸三開 入符逼,bik⁴,bik⁴
當_0,het144,端唐一開 平都郎,tang¹,taŋ¹
當_1,het144,端唐一開 去丁浪,tang³,taŋ³
䭾_0,het145,定歌一開 平徒河,da¹,da¹
䭾_1,het145,定歌一開 去唐佐,da³,da³
偪_0,het146,幫東三開 入方六,pjuwk⁴,pjukʷ⁴
偪_1,het146,幫蒸三開 入彼側,pik⁴,pik⁴
要_0,het147,影宵三開 平於霄,ʔjew¹,ʔjew¹
要_1,het147,影宵三開 去於笑,ʔjew³,ʔjew³
空_0,het148,溪東一開 平苦紅,khuwng¹,kʰuŋʷ¹
空_1,het148,溪東一開 去苦貢,khuwng³,kʰuŋʷ³
椏_0,het149,影麻二開 平於加,ʔæ¹,ʔæ¹
椏_1,het149,影歌一開 上烏可,ʔa²,ʔa²
閑,het151,匣山二開 平戸閒,hɛn¹,ɣɛn¹
傍_0,het152,並唐一開 平步光,bang¹,baŋ¹
傍_1,het152,並唐一開 去蒲浪,bang³,baŋ³
傭_0,het153,以鍾三開 平餘封,yowng¹,joŋʷ¹
傭_1,het153,徹鍾三開 平丑凶,trhjowng¹,ʈʰjoŋʷ¹
僜_0,het154,徹蒸三開 平丑升,trhing¹,ʈʰiŋ¹
僜_1,het154,定登一開 去徒亘,dong³,doŋ³
齱_0,het155,莊尤三開 平側鳩,tsrjuw¹,ʈ͡ʂjuw¹
齱_1,het155,初江二開 入測角,tshræwk⁴,ʈ͡ʂʰækʷ⁴
俟_0,het156,群微三開 平渠希,gjɨj¹,gjɨj¹
俟_1,het156,俟之三開 上牀史,zri²,ʐi²
圜_0,het157,匣刪二合 平戸關,hwæn¹,ɣwæn¹
圜_1,het157,云仙三合 平王權-重鈕,hjwen¹,ɣjwen¹
車_0,het158,見魚三開 平九魚,kjo¹,kjo¹
車_1,het158,昌麻三開 平尺遮,tshyæ¹,t͡ɕʰæ¹
穡,het159,生蒸三開 入所力,srik⁴,ʂik⁴
儭_0,het160,初臻三開 去初覲,tshrin³,ʈ͡ʂʰin³
儭_1,het160,清眞三開 去七遴,tshin³,t͡sʰin³
扇_0,het161,書仙三開 平式連,syen¹,ɕen¹
扇_1,het161,書仙三開 去式戰,syen³,ɕen³
浪_0,het162,來唐一開 平魯當,lang¹,laŋ¹
浪_1,het162,來唐一開 去來宕,lang³,laŋ³
韞_0,het163,影魂一合 平烏渾,ʔwon¹,ʔwon¹
韞_1,het163,影文三合 上於粉,ʔjun²,ʔjun²
蝃_0,het164,端齊四開 去都計,tej³,tej³
蝃_1,het164,章仙三合 入職悅,tsywet⁴,t͡ɕwet⁴
純_0,het165,常諄三合 平常倫,dzywin¹,d͡ʑwin¹
純_1,het165,章諄三合 上之尹,tsywin²,t͡ɕwin²
潭_0,het166,定覃一開 平徒含,dom¹,dom¹
潭_1,het166,以侵三開 上以荏,yim²,jim²
亟_0,het167,溪之三開 去去吏,khi³,kʰi³
亟_1,het167,見蒸三開 入紀力,kik⁴,kik⁴
蔫_0,het168,影元三開 平謁言,ʔjon¹,ʔjon¹
蔫_1,het168,影仙三開 平於乾-重鈕,ʔjen¹,ʔjen¹
裴_0,het169,並微三合 平符非,bjwɨj¹,bjwɨj¹
裴_1,het169,並灰一合 平薄回,bwoj¹,bwoj¹
蕢_0,het170,群脂三合 去求位-重鈕,gwij³,gwij³
蕢_1,het170,溪皆二合 去苦怪,khwɛj³,kʰwɛj³
繇_0,het171,以宵三開 平餘昭,yew¹,jew¹
繇_1,het171,以尤三開 平以周,yuw¹,juw¹
繇_2,het171,澄尤三開 去直祐,drjuw³,ɖjuw³
炅_0,het172,見青四合 上古迥,kweng²,kweŋ²
炅_1,het172,見齊四合 去古惠,kwej³,kwej³
衙_0,het173,疑魚三開 平語居,ngjo¹,ŋjo¹
衙_1,het173,疑麻二開 平五加,ngæ¹,ŋæ¹
衙_2,het173,疑魚三開 上魚巨,ngjo²,ŋjo²
嬮_0,het174,影鹽三開 平一鹽,ʔjem¹,ʔjem¹
嬮_1,het174,影鹽三開 去於豔,ʔjem³,ʔjem³
嬮_2,het174,影鹽三開 入於葉,ʔjep⁴,ʔjep⁴
勞_0,het175,來豪一開 平魯刀,law¹,law¹
勞_1,het175,來豪一開 去郎到,law³,law³
茲_0,het176,從之三開 平疾之,dzi¹,d͡zi¹
茲_1,het176,精之三開 平子之,tsi¹,t͡si¹
溦_0,het177,明脂三開 平武悲-重鈕,mij¹,mij¹
溦_1,het177,明微三合 平無非,mjwɨj¹,mjwɨj¹
透_0,het178,透侯一開 去他候,thuw³,tʰuw³
透_1,het178,書東三開 入式竹,syuwk⁴,ɕukʷ⁴
值,het179,澄之三開 去直吏,dri³,ɖi³
仳_0,het180,並脂三開 平房脂,bij¹,bij¹
仳_1,het180,滂支三開 上匹婢,phje²,pʰje²
仳_2,het180,並脂三開 上符鄙-重鈕,bij²,bij²
妯_0,het181,徹尤三開 平丑鳩,trhjuw¹,ʈʰjuw¹
妯_1,het181,澄東三開 入直六,drjuwk⁴,ɖjukʷ⁴
栝_0,het182,透添四開 上他玷,them²,tʰem²
栝_1,het182,見桓一合 入古活,kwat⁴,kwat⁴
去_0,het183,溪魚三開 上羌舉,khjo²,kʰjo²
去_1,het183,溪魚三開 去丘倨,khjo³,kʰjo³
淚,het184,來脂三合 去力遂,lwij³,lwij³
湓_0,het185,並魂一合 平蒲奔,bwon¹,bwon¹
湓_1,het185,滂文三合 去匹問,phjun³,pʰjun³
湓_2,het185,滂魂一合 去普悶,phwon³,pʰwon³
离_0,het186,來支三開 平呂支,lje¹,lje¹
离_1,het186,徹支三開 平丑知-重鈕,trhje¹,ʈʰje¹
禨_0,het187,見微三開 平居依,kjɨj¹,kjɨj¹
禨_1,het187,見微三開 去居豙,kjɨj³,kjɨj³
伎_0,het188,群支三開 平巨支,gje¹,gje¹
伎_1,het188,群支三開 上渠綺-重鈕,gje²,gje²
伎_2,het188,章支三開 去支義,tsye³,t͡ɕe³
褚_0,het189,知魚三開 上丁吕,trjo²,ʈjo²
褚_1,het189,徹魚三開 上丑吕,trhjo²,ʈʰjo²
蜆_0,het190,匣先四開 上胡典,hen²,ɣen²
蜆_1,het190,曉先四開 上呼典,xen²,xen²
蜆_2,het190,溪先四開 去苦甸,khen³,kʰen³
卒_0,het191,精諄三合 入子聿,tswit⁴,t͡swit⁴
卒_1,het191,清魂一合 入倉没,tshwot⁴,t͡sʰwot⁴
卒_2,het191,精魂一合 入臧没,tswot⁴,t͡swot⁴
佼_0,het192,見肴二開 平古肴,kæw¹,kæw¹
佼_1,het192,匣肴二開 上下巧,hæw²,ɣæw²
佼_2,het192,見肴二開 上古巧,kæw²,kæw²
愴_0,het193,初陽三開 上初兩,tshrjang²,ʈ͡ʂʰjaŋ²
愴_1,het193,初陽三開 去初亮,tshrjang³,ʈ͡ʂʰjaŋ³
榜_0,het194,並庚二開 平薄庚,bæng¹,bæŋ¹
榜_1,het194,幫唐一開 上北朗,pang²,paŋ²
榜_2,het194,幫庚二開 去北孟,pæng³,pæŋ³
㸚_0,het195,來支三開 上力紙,lje²,lje²
㸚_1,het195,來齊四開 去郎計,lej³,lej³
唬_0,het196,曉麻二開 去呼訝,xæ³,xæ³
唬_1,het196,見庚二合 入古伯,kwæk⁴,kwæk⁴
涼_0,het197,來陽三開 平呂章,ljang¹,ljaŋ¹
涼_1,het197,來陽三開 去力讓,ljang³,ljaŋ³
蘆_0,het198,來魚三開 平力居,ljo¹,ljo¹
蘆_1,het198,來模一開 平落胡,lu¹,lu¹
吹_0,het199,昌支三合 平昌垂,tshywe¹,t͡ɕʰwe¹
吹_1,het199,昌支三合 去尺僞,tshywe³,t͡ɕʰwe³
屏_0,het200,幫清三開 平府盈,pjieng¹,pjieŋ¹
屏_1,het200,並青四開 平薄經,beng¹,beŋ¹
屏_2,het200,幫清三開 上必郢,pjieng²,pjieŋ²
詳_0,het201,以陽三開 平與章,yang¹,jaŋ¹
詳_1,het201,邪陽三開 平似羊,zjang¹,zjaŋ¹
魥_0,het202,疑覃一開 入五合,ngop⁴,ŋop⁴
魥_1,het202,溪嚴三開 入去劫,khjæp⁴,kʰjæp⁴
礥_0,het203,云眞三開 平下珍-重鈕,hjin¹,ɣjin¹
礥_1,het203,匣先四開 平胡田,hen¹,ɣen¹
袓_0,het204,精麻三開 平子邪,tsjæ¹,t͡sjæ¹
袓_1,het204,從魚三開 上慈吕,dzjo²,d͡zjo²
㺑_0,het205,生咸二開 平所咸,srɛm¹,ʂɛm¹
㺑_1,het205,生咸二開 上所斬,srɛm²,ʂɛm²
㺑_2,het205,生銜二開 上山檻,sræm²,ʂæm²
洗_0,het206,心齊四開 上先禮,sej²,sej²
洗_1,het206,心先四開 上蘇典,sen²,sen²
張_0,het207,知陽三開 平陟良,trjang¹,ʈjaŋ¹
張_1,het207,知陽三開 去知亮,trjang³,ʈjaŋ³
弄,het208,來東一開 去盧貢,luwng³,luŋʷ³
漚_0,het209,影侯一開 平烏侯,ʔuw¹,ʔuw¹
漚_1,het209,影侯一開 去烏候,ʔuw³,ʔuw³
論_0,het210,來諄三合 平力迍,lwin¹,lwin¹
論_1,het210,來魂一合 平盧昆,lwon¹,lwon¹
論_2,het210,來魂一合 去盧困,lwon³,lwon³
瓦_0,het211,疑麻二合 上五寡,ngwæ²,ŋwæ²
瓦_1,het211,疑麻二合 去五化,ngwæ³,ŋwæ³
騤_0,het212,群脂三合 平渠追-重鈕,gwij¹,gwij¹
騤_1,het212,見先四合 入古穴,kwet⁴,kwet⁴
蛻_0,het213,書祭三合 去舒芮,sywej³,ɕwej³
蛻_1,het213,透泰一合 去他外,thwaj³,tʰwaj³
蛻_2,het213,透戈一合 去湯卧,thwa³,tʰwa³
蛻_3,het213,以仙三合 入弋雪,ywet⁴,jwet⁴
坻_0,het214,澄脂三開 平直尼-重鈕,drij¹,ɖij¹
坻_1,het214,章支三開 上諸氏,tsye²,t͡ɕe²
坻_2,het214,端齊四開 上都禮,tej²,tej²
培_0,het215,並灰一合 平薄回,bwoj¹,bwoj¹
培_1,het215,並侯一開 上蒲口,buw²,buw²
屠_0,het216,澄魚三開 平直魚,drjo¹,ɖjo¹
屠_1,het216,定模一開 平同都,du¹,du¹
分_0,het217,幫文三合 平府文,pjun¹,pjun¹
分_1,het217,並文三合 去扶問,bjun³,bjun³
福_0,het218,滂尤三開 去敷救,phjuw³,pʰjuw³
福_1,het218,幫東三開 入方六,pjuwk⁴,pjukʷ⁴
更_0,het219,見庚二開 平古行,kæng¹,kæŋ¹
更_1,het219,見庚二開 去古孟,kæng³,kæŋ³
沾_0,het220,知鹽三開 平張廉-重鈕,trjem¹,ʈjem¹
沾_1,het220,透添四開 平他兼,them¹,tʰem¹
沾_2,het220,端添四開 去都念,tem³,tem³
魗_0,het221,常尤三開 平市流,dzyuw¹,d͡ʑuw¹
魗_1,het221,昌尤三開 上昌九,tshyuw²,t͡ɕʰuw²
泥_0,het222,泥齊四開 平奴低,nej¹,nej¹
泥_1,het222,泥齊四開 去奴計,nej³,nej³
擔_0,het223,端談一開 平都甘,tam¹,tam¹
擔_1,het223,端談一開 去都濫,tam³,tam³
霅_0,het224,心覃一開 入蘇合,sop⁴,sop⁴
霅_1,het224,章鹽三開 入之涉,tsyep⁴,t͡ɕep⁴
霅_2,het224,匣銜二開 入胡甲,hæp⁴,ɣæp⁴
霅_3,het224,澄銜二開 入丈甲,dræp⁴,ɖæp⁴
華_0,het225,匣麻二合 平戸花,hwæ¹,ɣwæ¹
華_1,het225,曉麻二合 平呼瓜,xwæ¹,xwæ¹
華_2,het225,匣麻二合 去胡化,hwæ³,ɣwæ³
精_0,het226,精清三開 平子盈,tsjieng¹,t͡sjieŋ¹
精_1,het226,精清三開 去子姓,tsjieng³,t͡sjieŋ³
臨_0,het227,來侵三開 平力尋,lim¹,lim¹
臨_1,het227,來侵三開 去良鴆,lim³,lim³
才_0,het228,從咍一開 平昨哉,dzoj¹,d͡zoj¹
才_1,het228,從咍一開 去昨代,dzoj³,d͡zoj³
於_0,het229,影魚三開 平央居,ʔjo¹,ʔjo¹
於_1,het229,影模一開 平哀都,ʔu¹,ʔu¹
泄_0,het230,以祭三開 去餘制,yej³,jej³
泄_1,het230,心仙三開 入私列,sjet⁴,sjet⁴
圌_0,het231,常支三合 平是爲,dzywe¹,d͡ʑwe¹
圌_1,het231,常仙三合 平市緣,dzywen¹,d͡ʑwen¹
翹_0,het232,群宵三開 平渠遙,gjew¹,gjew¹
翹_1,het232,群宵三開 去巨要,gjew³,gjew³
乞_0,het233,溪欣三開 入去迄,khjɨt⁴,kʰjɨt⁴
乞_1,het233,溪微三開 去去旣,khjɨj³,kʰjɨj³
觖_0,het234,溪支三合 去窺瑞,khjwe³,kʰjwe³
觖_1,het234,見先四合 入古穴,kwet⁴,kwet⁴
跕_0,het235,透添四開 入他協,thep⁴,tʰep⁴
跕_1,het235,端添四開 入丁愜,tep⁴,tep⁴
辟_0,het236,並清三開 入房益,bjiek⁴,bjiek⁴
辟_1,het236,幫清三開 入必益,pjiek⁴,pjiek⁴
辟_2,het236,滂清三開 入芳辟,phjiek⁴,pʰjiek⁴
螃_0,het237,並唐一開 平步光,bang¹,baŋ¹
螃_1,het237,幫唐一開 上北朗,pang²,paŋ²
螃_2,het237,幫唐一開 去補曠,pang³,paŋ³
鎣_0,het238,以清三合 平余傾,ywieng¹,jwieŋ¹
鎣_1,het238,影青四開 去烏定,ʔeng³,ʔeŋ³
飯_0,het239,並元三合 上扶晚,bjwon²,bjwon²
飯_1,het239,並元三合 去符万,bjwon³,bjwon³
土_0,het240,透模一開 上他魯,thu²,tʰu²
土_1,het240,定模一開 上徒古,du²,du²
咥_0,het241,徹眞三開 入丑栗-重鈕,trhit⁴,ʈʰit⁴
咥_1,het241,定先四開 入徒結,det⁴,det⁴
咥_2,het241,端先四開 入丁結,tet⁴,tet⁴
瑒_0,het242,以陽三開 平與章,yang¹,jaŋ¹
瑒_1,het242,澄庚二開 上徒杏,dræng²,ɖæŋ²
靘_0,het243,清青四開 平倉經,tsheng¹,t͡sʰeŋ¹
靘_1,het243,清青四開 去千定,tsheng³,t͡sʰeŋ³
作_0,het244,精模一開 去臧祚,tsu³,t͡su³
作_1,het244,精歌一開 去則箇,tsa³,t͡sa³
作_2,het244,精唐一開 入則落,tsak⁴,t͡sak⁴
闐_0,het245,定先四開 平徒年,den¹,den¹
闐_1,het245,定先四開 去堂練,den³,den³
悝_0,het246,溪灰一合 平苦回,khwoj¹,kʰwoj¹
悝_1,het246,來之三開 上良士,li²,li²
濊_0,het247,曉泰一合 去呼會,xwaj³,xwaj³
濊_1,het247,影泰一合 去烏外,ʔwaj³,ʔwaj³
濊_2,het247,影廢三合 去於廢,ʔjwoj³,ʔjwoj³
濊_3,het247,曉桓一合 入呼括,xwat⁴,xwat⁴
秫,het248,船諄三合 入食聿,zywit⁴,ʑwit⁴
亨_0,het249,曉庚二開 平許庚,xæng¹,xæŋ¹
亨_1,het249,滂庚三開 平撫庚,phjæng¹,pʰjæŋ¹
亨_2,het249,曉陽三開 上許兩,xjang²,xjaŋ²
祭_0,het250,精祭三開 去子例,tsjej³,t͡sjej³
祭_1,het250,莊皆二開 去側界,tsrɛj³,ʈ͡ʂɛj³
居_0,het251,見之三開 平居之,ki¹,ki¹
居_1,het251,見魚三開 平九魚,kjo¹,kjo¹
蹢_0,het252,澄清三開 入直炙,drjek⁴,ɖjek⁴
蹢_1,het252,端青四開 入都歷,tek⁴,tek⁴
乾_0,het253,見寒一開 平古寒,kan¹,kan¹
乾_1,het253,群仙三開 平渠焉-重鈕,gjen¹,gjen¹
景,het254,見庚三開 上居影,kjæng²,kjæŋ²
楞,het255,來登一開 平魯登,long¹,loŋ¹
旋_0,het256,邪仙三合 平似宣,zjwen¹,zjwen¹
旋_1,het256,邪仙三合 去辝戀,zjwen³,zjwen³
瞿_0,het257,群虞三合 平其俱,gju¹,gju¹
瞿_1,het257,見虞三合 去九遇,kju³,kju³
蓋_0,het258,見泰一開 去古太,kaj³,kaj³
蓋_1,het258,匣談一開 入胡臘,hap⁴,ɣap⁴
蓋_2,het258,見談一開 入古盍,kap⁴,kap⁴
告_0,het259,見豪一開 去古到,kaw³,kaw³
告_1,het259,見冬一開 入古沃,kowk⁴,kokʷ⁴
應_0,het260,影蒸三開 平於陵,ʔing¹,ʔiŋ¹
應_1,het260,影蒸三開 去於證,ʔing³,ʔiŋ³
長_0,het261,澄陽三開 平直良,drjang¹,ɖjaŋ¹
長_1,het261,知陽三開 上知丈,trjang²,ʈjaŋ²
長_2,het261,澄陽三開 去直亮,drjang³,ɖjaŋ³
㞟_0,het262,端青四開 上都挺,teng²,teŋ²
㞟_1,het262,定先四開 去堂練,den³,den³
施_0,het263,書支三開 平式支,sye¹,ɕe¹
施_1,het263,書支三開 去施智,sye³,ɕe³
縱_0,het264,精鍾三開 平即容,tsjowng¹,t͡sjoŋʷ¹
縱_1,het264,精鍾三開 去子用,tsjowng³,t͡sjoŋʷ³
妓_0,het265,見支三開 平居宜-重鈕,kje¹,kje¹
妓_1,het265,群支三開 上渠綺-重鈕,gje²,gje²
窕,het266,定蕭四開 上徒了,dew²,dew²
瞴_0,het267,明虞三合 平武夫,mju¹,mju¹
瞴_1,het267,明虞三合 上文甫,mju²,mju²
委_0,het268,影支三合 平於爲-重鈕,ʔjwe¹,ʔjwe¹
委_1,het268,影支三合 上於詭-重鈕,ʔjwe²,ʔjwe²
瀝,het269,來青四開 入郎擊,lek⁴,lek⁴
兒_0,het270,日支三開 平汝移,nye¹,ɲe¹
兒_1,het270,疑齊四開 平五稽,ngej¹,ŋej¹
署,het271,常魚三開 去常恕,dzyo³,d͡ʑo³
合_0,het272,匣覃一開 入侯閤,hop⁴,ɣop⁴
合_1,het272,見覃一開 入古沓,kop⁴,kop⁴
宛_0,het273,影元三合 平於袁,ʔjwon¹,ʔjwon¹
宛_1,het273,影元三合 上於阮,ʔjwon²,ʔjwon²
楷_0,het274,見皆二開 平古諧,kɛj¹,kɛj¹
楷_1,het274,溪皆二開 上苦駭,khɛj²,kʰɛj²
蔓_0,het275,明桓一合 平母官,mwan¹,mwan¹
蔓_1,het275,明元三合 去無販,mjwon³,mjwon³
坐_0,het276,從戈一合 上徂果,dzwa²,d͡zwa²
坐_1,het276,從戈一合 去徂卧,dzwa³,d͡zwa³
薧_0,het277,曉豪一開 平呼毛,xaw¹,xaw¹
薧_1,het277,溪豪一開 上苦浩,khaw²,kʰaw²
失,het278,書眞三開 入式質,syit⁴,ɕit⁴
鮑,het279,並肴二開 上薄巧,bæw²,bæw²
翛_0,het280,心蕭四開 平蘇彫,sew¹,sew¹
翛_1,het280,書東三開 入式竹,syuwk⁴,ɕukʷ⁴
擸_0,het281,來談一開 入盧盍,lap⁴,lap⁴
擸_1,het281,來鹽三開 入良涉,ljep⁴,ljep⁴
餲_0,het282,影祭三開 去於罽-重鈕,ʔjej³,ʔjej³
餲_1,het282,影夬二開 去於犗,ʔæj³,ʔæj³
餲_2,het282,匣寒一開 入胡葛,hat⁴,ɣat⁴
餲_3,het282,影寒一開 入烏葛,ʔat⁴,ʔat⁴
比_0,het283,並脂三開 平房脂,bij¹,bij¹
比_1,het283,幫脂三開 上卑履,pij²,pij²
比_2,het283,並脂三開 去毗至,bij³,bij³
比_3,het283,幫脂三開 去必至,pij³,pij³
比_4,het283,並眞三開 入毗必,bit⁴,bit⁴
勾_0,het284,見侯一開 平古侯,kuw¹,kuw¹
勾_1,het284,見侯一開 去古候,kuw³,kuw³
頃_0,het285,溪清三合 平去營,khjwieng¹,kʰjwieŋ¹
頃_1,het285,溪清三合 上去潁,khjwieng²,kʰjwieŋ²
搉_0,het286,見江二開 入古岳,kæwk⁴,kækʷ⁴
搉_1,het286,溪江二開 入苦角,khæwk⁴,kʰækʷ⁴
王_0,het287,云陽三合 平雨方,hjwang¹,ɣjwaŋ¹
王_1,het287,云陽三合 去于放,hjwang³,ɣjwaŋ³
盛_0,het288,常清三開 平是征,dzyieng¹,d͡ʑieŋ¹
盛_1,het288,常清三開 去承正,dzyieng³,d͡ʑieŋ³
佴_0,het289,日之三開 去仍吏,nyi³,ɲi³
佴_1,het289,泥咍一開 去奴代,noj³,noj³
教_0,het290,見肴二開 平古肴,kæw¹,kæw¹
教_1,het290,見肴二開 去古孝,kæw³,kæw³
池_0,het291,澄支三開 平直離-重鈕,drje¹,ɖje¹
池_1,het291,定歌一開 平徒河,da¹,da¹
蔭,het292,影侵三開 去於禁-重鈕,ʔim³,ʔim³
啉,het293,來覃一開 平盧含,lom¹,lom¹
識_0,het294,章之三開 去職吏,tsyi³,t͡ɕi³
識_1,het294,書蒸三開 入賞職,syik⁴,ɕik⁴
載_0,het295,精咍一開 上作亥,tsoj²,t͡soj²
載_1,het295,精咍一開 去作代,tsoj³,t͡soj³
載_2,het295,從咍一開 去昨代,dzoj³,d͡zoj³
茈_0,het296,從支三開 平疾移,dzje¹,d͡zje¹
茈_1,het296,崇佳二開 平士佳,dzrɛɨ¹,ɖ͡ʐɛɨ¹
茈_2,het296,精支三開 上將此,tsje²,t͡sje²
湑_0,het297,心魚三開 平相居,sjo¹,sjo¹
湑_1,het297,心魚三開 上私吕,sjo²,sjo²
偈_0,het298,群祭三開 去其憩-重鈕,gjej³,gjej³
偈_1,het298,群仙三開 入渠列-重鈕,gjet⁴,gjet⁴
般_0,het299,並桓一合 平薄官,bwan¹,bwan¹
般_1,het299,幫桓一合 平北潘,pwan¹,pwan¹
般_2,het299,幫刪二開 平布還,pæn¹,pæn¹
蜡_0,het300,清魚三開 去七慮,tshjo³,t͡sʰjo³
蜡_1,het300,崇麻二開 去鋤駕,dzræ³,ɖ͡ʐæ³
勽_0,het301,明文三合 上武粉,mjun²,mjun²
勽_1,het301,並豪一開 去薄報,baw³,baw³
句_0,het302,群虞三合 平其俱,gju¹,gju¹
句_1,het302,見侯一開 平古侯,kuw¹,kuw¹
句_2,het302,見虞三合 去九遇,kju³,kju³
句_3,het302,見侯一開 去古候,kuw³,kuw³
興_0,het303,曉蒸三開 平虚陵,xing¹,xiŋ¹
興_1,het303,曉蒸三開 去許應,xing³,xiŋ³
螔_0,het304,以支三開 平弋支,ye¹,je¹
螔_1,het304,心支三開 平息移,sje¹,sje¹
䟃_0,het305,清覃一開 平倉含,tshom¹,t͡sʰom¹
䟃_1,het305,清覃一開 入七合,tshop⁴,t͡sʰop⁴
驡_0,het306,來鍾三開 平力鍾,ljowng¹,ljoŋʷ¹
驡_1,het306,精唐一開 上子朗,tsang²,t͡saŋ²
濕_0,het307,書侵三開 入失入,syip⁴,ɕip⁴
濕_1,het307,透覃一開 入他合,thop⁴,tʰop⁴
芊_0,het308,清先四開 平蒼先,tshen¹,t͡sʰen¹
芊_1,het308,清先四開 去倉甸,tshen³,t͡sʰen³
難_0,het309,泥寒一開 平那干,nan¹,nan¹
難_1,het309,泥寒一開 去奴案,nan³,nan³
便_0,het310,並仙三開 平房連,bjen¹,bjen¹
便_1,het310,並仙三開 去婢面,bjen³,bjen³
墆_0,het311,定齊四開 去特計,dej³,dej³
墆_1,het311,定先四開 入徒結,det⁴,det⁴
坫_0,het312,知侵三開 平知林-重鈕,trim¹,ʈim¹
坫_1,het312,端添四開 去都念,tem³,tem³
噦_0,het313,曉泰一合 去呼會,xwaj³,xwaj³
噦_1,het313,影元三合 入於月,ʔjwot⁴,ʔjwot⁴
噦_2,het313,影仙三合 入乙劣-重鈕,ʔjwet⁴,ʔjwet⁴
橈_0,het314,日宵三開 平如招,nyew¹,ɲew¹
橈_1,het314,娘肴二開 去奴敎,nræw³,ɳæw³
禪_0,het315,常仙三開 平市連,dzyen¹,d͡ʑen¹
禪_1,het315,常仙三開 去時戰,dzyen³,d͡ʑen³
藉_0,het317,從麻三開 去慈夜,dzjæ³,d͡zjæ³
藉_1,het317,從清三開 入秦昔,dzjek⁴,d͡zjek⁴
袒_0,het318,定寒一開 上徒旱,dan²,dan²
袒_1,het318,澄山二開 去丈莧,drɛn³,ɖɛn³
傛_0,het319,以鍾三開 平餘封,yowng¹,joŋʷ¹
傛_1,het319,以鍾三開 上余隴,yowng²,joŋʷ²
魏,het320,疑微三合 去魚貴,ngjwɨj³,ŋjwɨj³
激_0,het321,見蕭四開 去古弔,kew³,kew³
激_1,het321,見青四開 入古歷,kek⁴,kek⁴
忪,het322,章鍾三開 平職容,tsyowng¹,t͡ɕoŋʷ¹
遺_0,het323,以脂三合 平以追,ywij¹,jwij¹
遺_1,het323,以脂三合 去以醉,ywij³,jwij³
椑_0,het324,幫支三開 平府移,pje¹,pje¹
椑_1,het324,並齊四開 平部迷,bej¹,bej¹
椑_2,het324,並清三開 入房益,bjiek⁴,bjiek⁴
椑_3,het324,並青四開 入扶歷,bek⁴,bek⁴
銚_0,het325,透蕭四開 平吐彫,thew¹,tʰew¹
銚_1,het325,以宵三開 平餘昭,yew¹,jew¹
銚_2,het325,定蕭四開 去徒弔,dew³,dew³
鷞_0,het326,生陽三開 平色莊,srjang¹,ʂjaŋ¹
鷞_1,het326,生陽三開 上踈兩,srjang²,ʂjaŋ²
中_0,het327,知東三開 平陟弓,trjuwng¹,ʈjuŋʷ¹
中_1,het327,知東三開 去陟仲,trjuwng³,ʈjuŋʷ³
啜_0,het328,知祭三合 去陟衛-重鈕,trjwej³,ʈjwej³
啜_1,het328,常祭三合 去甞芮,dzywej³,d͡ʑwej³
啜_2,het328,昌仙三合 入昌悅,tshywet⁴,t͡ɕʰwet⁴
啜_3,het328,知仙三合 入陟劣-重鈕,trjwet⁴,ʈjwet⁴
啜_4,het328,常仙三合 入殊雪,dzywet⁴,d͡ʑwet⁴
尼,het329,娘脂三開 平女夷-重鈕,nrij¹,ɳij¹
硐_0,het330,定東一開 平徒紅,duwng¹,duŋʷ¹
硐_1,het330,定東一開 上徒揔,duwng²,duŋʷ²
捄_0,het331,見虞三合 平舉朱,kju¹,kju¹
捄_1,het331,群尤三開 平巨鳩,gjuw¹,gjuw¹
燀_0,het332,昌仙三開 平尺延,tshyen¹,t͡ɕʰen¹
燀_1,het332,章仙三開 上旨善,tsyen²,t͡ɕen²
燀_2,het332,昌仙三開 上昌善,tshyen²,t͡ɕʰen²
賈_0,het333,見模一開 上公戸,ku²,ku²
賈_1,het333,見麻二開 上古疋,kæ²,kæ²
賈_2,het333,見麻二開 去古訝,kæ³,kæ³
闞_0,het334,曉咸二開 上火斬,xɛm²,xɛm²
闞_1,het334,溪談一開 去苦濫,kham³,kʰam³
闞_2,het334,曉銜二開 去許鑑,xæm³,xæm³
鮮_0,het335,心仙三開 平相然,sjen¹,sjen¹
鮮_1,het335,心仙三開 上息淺,sjen²,sjen²
鮮_2,het335,心仙三開 去私箭,sjen³,sjen³
稱_0,het336,昌蒸三開 平處陵,tshying¹,t͡ɕʰiŋ¹
稱_1,het336,昌蒸三開 去昌孕,tshying³,t͡ɕʰiŋ³
豁,het337,曉桓一合 入呼括,xwat⁴,xwat⁴
滈_0,het338,匣豪一開 上胡老,haw²,ɣaw²
滈_1,het338,曉江二開 入許角,xæwk⁴,xækʷ⁴
覺_0,het339,見肴二開 去古孝,kæw³,kæw³
覺_1,het339,見江二開 入古岳,kæwk⁴,kækʷ⁴
磑_0,het340,疑灰一合 平五灰,ngwoj¹,ŋwoj¹
磑_1,het340,疑灰一合 去五對,ngwoj³,ŋwoj³
灂,het341,崇江二開 入士角,dzræwk⁴,ɖ͡ʐækʷ⁴
䫞_0,het342,曉蕭四開 平許幺,xew¹,xew¹
䫞_1,het342,溪宵三開 平去遙,khjew¹,kʰjew¹
父_0,het343,幫虞三合 上方矩,pju²,pju²
父_1,het343,並虞三合 上扶雨,bju²,bju²
鷤_0,het344,定齊四開 平杜奚,dej¹,dej¹
鷤_1,het344,定寒一開 平徒干,dan¹,dan¹
鷤_2,het344,定齊四開 去特計,dej³,dej³
苴_0,het345,清魚三開 平七余,tshjo¹,t͡sʰjo¹
苴_1,het345,精魚三開 平子魚,tsjo¹,t͡sjo¹
苴_2,het345,崇麻二開 平鉏加,dzræ¹,ɖ͡ʐæ¹
苴_3,het345,精魚三開 上子與,tsjo²,t͡sjo²
絻_0,het347,明桓一合 平母官,mwan¹,mwan¹
絻_1,het347,明仙三開 上亡辨-重鈕,mjen²,mjen²
絻_2,het347,明文三合 去亡運,mjun³,mjun³
將_0,het348,精陽三開 平即良,tsjang¹,t͡sjaŋ¹
將_1,het348,精陽三開 去子亮,tsjang³,t͡sjaŋ³
匱,het349,群脂三合 去求位-重鈕,gwij³,gwij³
頒_0,het350,並文三合 平符分,bjun¹,bjun¹
頒_1,het350,幫刪二開 平布還,pæn¹,pæn¹
脯,het351,幫虞三合 上方矩,pju²,pju²
撿,het352,來鹽三開 上良冉,ljem²,ljem²
迎_0,het353,疑庚三開 平語京,ngjæng¹,ŋjæŋ¹
迎_1,het353,疑庚三開 去魚敬,ngjæng³,ŋjæŋ³
振_0,het354,章眞三開 平側鄰,tsyin¹,t͡ɕin¹
振_1,het354,章眞三開 去章刃,tsyin³,t͡ɕin³
聽_0,het355,透青四開 平他丁,theng¹,tʰeŋ¹
聽_1,het355,透青四開 去他定,theng³,tʰeŋ³
彗_0,het356,邪脂三合 去徐醉,zwij³,zwij³
彗_1,het356,云祭三合 去于歲-重鈕,hjwej³,ɣjwej³
彗_2,het356,邪祭三合 去祥歲,zjwej³,zjwej³
撢_0,het357,以侵三開 平餘針,yim¹,jim¹
撢_1,het357,透覃一開 平他含,thom¹,tʰom¹
撢_2,het357,透覃一開 去他紺,thom³,tʰom³
濩_0,het358,匣模一開 去胡誤,hu³,ɣu³
濩_1,het358,匣唐一合 入胡郭,hwak⁴,ɣwak⁴
濩_2,het358,影庚三合 入一虢,ʔjwæk⁴,ʔjwæk⁴
令_0,het359,來仙三開 平力延,ljen¹,ljen¹
令_1,het359,來清三開 平呂貞,ljieng¹,ljieŋ¹
令_2,het359,來青四開 平郎丁,leng¹,leŋ¹
令_3,het359,來清三開 去力政,ljieng³,ljieŋ³
令_4,het359,來青四開 去郎定,leng³,leŋ³
儔_0,het360,澄尤三開 平直由,drjuw¹,ɖjuw¹
儔_1,het360,定豪一開 去徒到,daw³,daw³
攺_0,het361,以之三開 上羊己,yi²,ji²
攺_1,het361,邪之三開 上詳里,zi²,zi²
題_0,het362,定齊四開 平杜奚,dej¹,dej¹
題_1,het362,定齊四開 去特計,dej³,dej³
㤿_0,het363,影鹽三開 平一鹽,ʔjem¹,ʔjem¹
㤿_1,het363,影嚴三開 去於劔,ʔjæm³,ʔjæm³
麗_0,het364,來支三開 平呂支,lje¹,lje¹
麗_1,het364,來齊四開 去郎計,lej³,lej³
薜_0,het365,並齊四開 去蒲計,bej³,bej³
薜_1,het365,幫耕二開 入博厄,pɛk⁴,pɛk⁴
較_0,het366,見肴二開 去古孝,kæw³,kæw³
較_1,het366,見江二開 入古岳,kæwk⁴,kækʷ⁴
捌_0,het367,幫山二開 入博拔,pɛt⁴,pɛt⁴
捌_1,het367,幫刪二開 入百鎋,pæt⁴,pæt⁴
倥_0,het368,溪東一開 平苦紅,khuwng¹,kʰuŋʷ¹
倥_1,het368,溪東一開 上康董,khuwng²,kʰuŋʷ²
倥_2,het368,溪東一開 去苦貢,khuwng³,kʰuŋʷ³
假_0,het369,見麻二開 上古疋,kæ²,kæ²
假_1,het369,見麻二開 去古訝,kæ³,kæ³
數_0,het370,生虞三合 上所矩,srju²,ʂju²
數_1,het370,生虞三合 去色句,srju³,ʂju³
數_2,het370,生江二開 入所角,sræwk⁴,ʂækʷ⁴
殷_0,het371,影欣三開 平於斤,ʔjɨn¹,ʔjɨn¹
殷_1,het371,影山二開 平烏閑,ʔɛn¹,ʔɛn¹
陶_0,het372,以宵三開 平餘昭,yew¹,jew¹
陶_1,het372,定豪一開 平徒刀,daw¹,daw¹
侗_0,het373,定東一開 平徒紅,duwng¹,duŋʷ¹
侗_1,het373,透東一開 平他紅,thuwng¹,tʰuŋʷ¹
侗_2,het373,透東一開 上他孔,thuwng²,tʰuŋʷ²
栽_0,het374,精咍一開 平祖才,tsoj¹,t͡soj¹
栽_1,het374,從咍一開 去昨代,dzoj³,d͡zoj³
樂_0,het375,疑肴二開 去五敎,ngæw³,ŋæw³
樂_1,het375,疑江二開 入五角,ngæwk⁴,ŋækʷ⁴
樂_2,het375,來唐一開 入盧各,lak⁴,lak⁴
期_0,het376,群之三開 平渠之,gi¹,gi¹
期_1,het376,見之三開 平居之,ki¹,ki¹
耳,het377,日之三開 上而止,nyi²,ɲi²
㗿_0,het378,曉歌一開 上虚我,xa²,xa²
㗿_1,het378,曉麻二開 上許下,xæ²,xæ²
㗿_2,het378,曉麻二開 去呼訝,xæ³,xæ³
贛_0,het379,見覃一開 上古禫,kom²,kom²
贛_1,het379,見東一開 去古送,kuwng³,kuŋʷ³
贛_2,het379,見覃一開 去古暗,kom³,kom³
鐺_0,het380,端唐一開 平都郎,tang¹,taŋ¹
鐺_1,het380,初庚二開 平楚庚,tshræng¹,ʈ͡ʂʰæŋ¹
挩_0,het381,定桓一合 入徒活,dwat⁴,dwat⁴
挩_1,het381,透桓一合 入他括,thwat⁴,tʰwat⁴
適_0,het382,書清三開 入施隻,syek⁴,ɕek⁴
適_1,het382,章清三開 入之石,tsyek⁴,t͡ɕek⁴
適_2,het382,端青四開 入都歷,tek⁴,tek⁴
頭,het383,定侯一開 平度侯,duw¹,duw¹
銛_0,het384,心鹽三開 平息廉,sjem¹,sjem¹
銛_1,het384,透添四開 上他玷,them²,tʰem²
銛_2,het384,見桓一合 入古活,kwat⁴,kwat⁴
能_0,het385,泥咍一開 平奴來,noj¹,noj¹
能_1,het385,泥登一開 平奴登,nong¹,noŋ¹
能_2,het385,泥登一開 上奴等,nong²,noŋ²
能_3,het385,泥咍一開 去奴代,noj³,noj³
吐_0,het386,透模一開 上他魯,thu²,tʰu²
吐_1,het386,透模一開 去湯故,thu³,tʰu³
台_0,het387,以之三開 平與之,yi¹,ji¹
台_1,het387,透咍一開 平土來,thoj¹,tʰoj¹
騃_0,het388,俟之三開 上牀史,zri²,ʐi²
騃_1,het388,疑皆二開 上五駭,ngɛj²,ŋɛj²
銑,het389,心先四開 上蘇典,sen²,sen²
謷_0,het390,疑肴二開 平五交,ngæw¹,ŋæw¹
謷_1,het390,疑豪一開 平五勞,ngaw¹,ŋaw¹
謷_2,het390,疑豪一開 去五到,ngaw³,ŋaw³
強_0,het391,群陽三開 平巨良,gjang¹,gjaŋ¹
強_1,het391,群陽三開 上其兩,gjang²,gjaŋ²
姣_0,het392,匣肴二開 平胡茅,hæw¹,ɣæw¹
姣_1,het392,見肴二開 上古巧,kæw²,kæw²
蚣_0,het393,見東一開 平古紅,kuwng¹,kuŋʷ¹
蚣_1,het393,章鍾三開 平職容,tsyowng¹,t͡ɕoŋʷ¹
吞_0,het394,透痕一開 平吐根,thon¹,tʰon¹
吞_1,het394,透先四開 平他前,then¹,tʰen¹
礊_0,het395,溪庚二開 入苦格,khæk⁴,kʰæk⁴
礊_1,het395,溪耕二開 入楷革,khɛk⁴,kʰɛk⁴
礊_2,het395,曉耕二合 入呼麥,xwɛk⁴,xwɛk⁴
佁_0,het396,以之三開 上羊己,yi²,ji²
佁_1,het396,以咍一開 上夷在,yoj²,joj²
佁_2,het396,徹之三開 去丑吏,trhi³,ʈʰi³
錞_0,het397,常諄三合 平常倫,dzywin¹,d͡ʑwin¹
錞_1,het397,定灰一合 上徒猥,dwoj²,dwoj²
錞_2,het397,定灰一合 去徒對,dwoj³,dwoj³
只_0,het398,章支三開 平章移,tsye¹,t͡ɕe¹
只_1,het398,章支三開 上諸氏,tsye²,t͡ɕe²
傂_0,het399,心支三開 平息移,sje¹,sje¹
傂_1,het399,澄支三開 平直離-重鈕,drje¹,ɖje¹
傂_2,het399,澄支三開 上池爾-重鈕,drje²,ɖje²
汀_0,het400,透青四開 平他丁,theng¹,tʰeŋ¹
汀_1,het400,透青四開 去他定,theng³,tʰeŋ³
泱_0,het401,影陽三開 平於良,ʔjang¹,ʔjaŋ¹
泱_1,het401,影唐一開 上烏朗,ʔang²,ʔaŋ²
苫_0,het402,書鹽三開 平失廉,syem¹,ɕem¹
苫_1,het402,書鹽三開 去舒贍,syem³,ɕem³
㿃_0,het403,知祭三開 去竹例-重鈕,trjej³,ʈjej³
㿃_1,het403,端泰一開 去當蓋,taj³,taj³
淺_0,het404,精先四開 平則前,tsen¹,t͡sen¹
淺_1,het404,清仙三開 上七演,tshjen²,t͡sʰjen²
儱_0,het405,來東一開 上力董,luwng²,luŋʷ²
儱_1,het405,來鍾三開 去良用,ljowng³,ljoŋʷ³
欬_0,het406,影夬二開 去於犗,ʔæj³,ʔæj³
欬_1,het406,溪咍一開 去苦蓋,khoj³,kʰoj³
大_0,het407,定泰一開 去徒蓋,daj³,daj³
大_1,het407,定歌一開 去唐佐,da³,da³
龐,het408,並江二開 平薄江,bæwng¹,bæŋʷ¹
幅_0,het409,幫東三開 入方六,pjuwk⁴,pjukʷ⁴
幅_1,het409,幫蒸三開 入彼側,pik⁴,pik⁴
疐_0,het410,知脂三開 去陟利-重鈕,trij³,ʈij³
疐_1,het410,端齊四開 去都計,tej³,tej³
僆_0,het412,來仙三開 上力展,ljen²,ljen²
僆_1,het412,來先四開 去郎甸,len³,len³
湛_0,het413,澄侵三開 平直深-重鈕,drim¹,ɖim¹
湛_1,het413,端覃一開 平丁含,tom¹,tom¹
湛_2,het413,澄咸二開 上徒減,drɛm²,ɖɛm²
潦_0,het414,來豪一開 上盧晧,law²,law²
潦_1,het414,來豪一開 去郎到,law³,law³
朝_0,het415,知宵三開 平陟遙-重鈕,trjew¹,ʈjew¹
朝_1,het415,澄宵三開 平直遙-重鈕,drjew¹,ɖjew¹
零_0,het416,來先四開 平落賢,len¹,len¹
零_1,het416,來青四開 平郎丁,leng¹,leŋ¹
零_2,het416,來青四開 去郎定,leng³,leŋ³
柮_0,het417,端魂一合 入當没,twot⁴,twot⁴
柮_1,het417,從桓一合 入藏活,dzwat⁴,d͡zwat⁴
搒_0,het418,並庚二開 平薄庚,bæng¹,bæŋ¹
搒_1,het418,幫唐一開 去補曠,pang³,paŋ³
梌_0,het419,定模一開 平同都,du¹,du¹
梌_1,het419,透模一開 平他胡,thu¹,tʰu¹
梌_2,het419,澄麻二開 平宅加,dræ¹,ɖæ¹
燕_0,het420,影先四開 平烏前,ʔen¹,ʔen¹
燕_1,het420,影先四開 去於甸,ʔen³,ʔen³
蕑,het421,見山二開 平古閑,kɛn¹,kɛn¹
落,het422,來唐一開 入盧各,lak⁴,lak⁴
汶_0,het423,明眞三開 平武巾-重鈕,min¹,min¹
汶_1,het423,明文三合 平無分,mjun¹,mjun¹
汶_2,het423,明文三合 去亡運,mjun³,mjun³
煖_0,het424,曉元三合 平況袁,xjwon¹,xjwon¹
煖_1,het424,泥桓一合 上乃管,nwan²,nwan²
沓,het425,定覃一開 入徒合,dop⁴,dop⁴
搰,het426,匣魂一合 入戸骨,hwot⁴,ɣwot⁴
橦_0,het427,定東一開 平徒紅,duwng¹,duŋʷ¹
橦_1,het427,章鍾三開 平職容,tsyowng¹,t͡ɕoŋʷ¹
橦_2,het427,澄江二開 平宅江,dræwng¹,ɖæŋʷ¹
儳_0,het428,崇咸二開 平士咸,dzrɛm¹,ɖ͡ʐɛm¹
儳_1,het428,崇咸二開 去仕陷,dzrɛm³,ɖ͡ʐɛm³
儳_2,het428,初銜二開 去楚鑑,tshræm³,ʈ͡ʂʰæm³
光_0,het429,見唐一合 平古黃,kwang¹,kwaŋ¹
光_1,het429,見唐一合 去古曠,kwang³,kwaŋ³
鬌_0,het430,澄支三合 平直垂-重鈕,drjwe¹,ɖjwe¹
鬌_1,het430,端戈一合 上丁果,twa²,twa²
鬌_2,het430,定戈一合 上徒果,dwa²,dwa²
縣_0,het431,匣先四合 平胡涓,hwen¹,ɣwen¹
縣_1,het431,匣先四合 去黃練,hwen³,ɣwen³
噫_0,het432,影之三開 平於其,ʔi¹,ʔi¹
噫_1,het432,影皆二開 去烏界,ʔɛj³,ʔɛj³
差_0,het433,初支三開 平楚宜-重鈕,tshrje¹,ʈ͡ʂʰje¹
差_1,het433,初佳二開 平楚佳,tshrɛɨ¹,ʈ͡ʂʰɛɨ¹
差_2,het433,初皆二開 平楚皆,tshrɛj¹,ʈ͡ʂʰɛj¹
差_3,het433,初麻二開 平初加,tshræ¹,ʈ͡ʂʰæ¹
差_4,het433,初佳二開 去楚懈,tshrɛɨ³,ʈ͡ʂʰɛɨ³
煎_0,het434,精仙三開 平子仙,tsjen¹,t͡sjen¹
煎_1,het434,精仙三開 去子賤,tsjen³,t͡sjen³
過_0,het435,見戈一合 平古禾,kwa¹,kwa¹
過_1,het435,見戈一合 去古卧,kwa³,kwa³
摘_0,het436,知耕二開 入陟革,trɛk⁴,ʈɛk⁴
摘_1,het436,透青四開 入他歷,thek⁴,tʰek⁴
吾_0,het437,疑模一開 平五乎,ngu¹,ŋu¹
吾_1,het437,疑麻二開 平五加,ngæ¹,ŋæ¹
創_0,het438,初陽三開 平初良,tshrjang¹,ʈ͡ʂʰjaŋ¹
創_1,het438,初陽三開 去初亮,tshrjang³,ʈ͡ʂʰjaŋ³
趵,het439,幫江二開 入北角,pæwk⁴,pækʷ⁴
乘_0,het440,船蒸三開 平食陵,zying¹,ʑiŋ¹
乘_1,het440,船蒸三開 去實證,zying³,ʑiŋ³
倭_0,het441,影支三合 平於爲-重鈕,ʔjwe¹,ʔjwe¹
倭_1,het441,影戈一合 平烏禾,ʔwa¹,ʔwa¹
倭_2,het441,影戈一合 上烏果,ʔwa²,ʔwa²
沆_0,het442,匣唐一開 平胡郎,hang¹,ɣaŋ¹
沆_1,het442,匣唐一開 上胡朗,hang²,ɣaŋ²
氏_0,het443,章支三開 平章移,tsye¹,t͡ɕe¹
氏_1,het443,精清三開 平子盈,tsjieng¹,t͡sjieŋ¹
氏_2,het443,常支三開 上承紙,dzye²,d͡ʑe²
騎_0,het444,群支三開 平渠羈-重鈕,gje¹,gje¹
騎_1,het444,群支三開 去奇寄-重鈕,gje³,gje³
刺_0,het445,清支三開 去七賜,tshje³,t͡sʰje³
刺_1,het445,清清三開 入七迹,tshjek⁴,t͡sʰjek⁴
養_0,het446,以陽三開 上餘兩,yang²,jaŋ²
養_1,het446,以陽三開 去餘亮,yang³,jaŋ³
傝_0,het447,透覃一開 去他紺,thom³,tʰom³
傝_1,het447,透談一開 入吐盍,thap⁴,tʰap⁴
唧_0,het448,精眞三開 入資悉,tsit⁴,t͡sit⁴
唧_1,het448,精蒸三開 入子力,tsik⁴,t͡sik⁴
達_0,het449,透寒一開 入他達,that⁴,tʰat⁴
達_1,het449,定寒一開 入唐割,dat⁴,dat⁴
露,het450,來模一開 去洛故,lu³,lu³
易_0,het451,以支三開 去以豉,ye³,je³
易_1,het451,以清三開 入羊益,yek⁴,jek⁴
角_0,het452,來東一開 入盧谷,luwk⁴,lukʷ⁴
角_1,het452,見江二開 入古岳,kæwk⁴,kækʷ⁴
跛_0,het453,幫戈一合 上布火,pwa²,pwa²
跛_1,het453,幫支三開 去彼義-重鈕,pje³,pje³
焯,het454,章陽三開 入之若,tsyak⁴,t͡ɕak⁴
冘_0,het455,以尤三開 平以周,yuw¹,juw¹
冘_1,het455,以侵三開 平餘針,yim¹,jim¹
邡_0,het456,幫陽三合 平府良,pjwang¹,pjwaŋ¹
邡_1,het456,滂陽三合 去敷亮,phjwang³,pʰjwaŋ³
噍_0,het457,精宵三開 平即消,tsjew¹,t͡sjew¹
噍_1,het457,從宵三開 去才笑,dzjew³,d͡zjew³
堤_0,het458,常支三開 平是支,dzye¹,d͡ʑe¹
堤_1,het458,端齊四開 平都奚,tej¹,tej¹
堤_2,het458,端齊四開 上都禮,tej²,tej²
濫_0,het459,匣銜二開 上胡黤,hæm²,ɣæm²
濫_1,het459,來談一開 去盧𣊟,lam³,lam³
芘_0,het460,並脂三開 平房脂,bij¹,bij¹
芘_1,het460,並脂三開 去毗至,bij³,bij³
鬲_0,het461,見耕二開 入古核,kɛk⁴,kɛk⁴
鬲_1,het461,來青四開 入郎擊,lek⁴,lek⁴
櫟_0,het462,以陽三開 入以灼,yak⁴,jak⁴
櫟_1,het462,來青四開 入郎擊,lek⁴,lek⁴
兩_0,het463,來陽三開 上良㢡,ljang²,ljaŋ²
兩_1,het463,來陽三開 去力讓,ljang³,ljaŋ³
區_0,het464,溪虞三合 平豈俱,khju¹,kʰju¹
區_1,het464,影侯一開 平烏侯,ʔuw¹,ʔuw¹
足_0,het465,精虞三合 去子句,tsju³,t͡sju³
足_1,het465,精鍾三開 入即玉,tsjowk⁴,t͡sjokʷ⁴
降_0,het466,匣江二開 平下江,hæwng¹,ɣæŋʷ¹
降_1,het466,見江二開 去古巷,kæwng³,kæŋʷ³
䔺_0,het467,以支三合 平悅吹,ywe¹,jwe¹
䔺_1,het467,以支三合 上羊捶,ywe²,jwe²
臧,het468,精唐一開 平則郎,tsang¹,t͡saŋ¹
駃_0,het469,溪夬二合 去苦夬,khwæj³,kʰwæj³
駃_1,het469,見先四合 入古穴,kwet⁴,kwet⁴
魯,het470,來模一開 上郎古,lu²,lu²
鑽_0,het471,精桓一合 平借官,tswan¹,t͡swan¹
鑽_1,het471,精桓一合 去子筭,tswan³,t͡swan³
爓_0,het472,邪鹽三開 平徐鹽,zjem¹,zjem¹
爓_1,het472,以鹽三開 去以贍,yem³,jem³
畜_0,het473,徹尤三開 去丑救,trhjuw³,ʈʰjuw³
畜_1,het473,曉尤三開 去許救,xjuw³,xjuw³
畜_2,het473,曉東三開 入許竹,xjuwk⁴,xjukʷ⁴
畜_3,het473,徹東三開 入丑六,trhjuwk⁴,ʈʰjukʷ⁴
卬_0,het474,疑唐一開 平五岡,ngang¹,ŋaŋ¹
卬_1,het474,疑陽三開 上魚兩,ngjang²,ŋjaŋ²
溘_0,het475,溪泰一開 去苦蓋,khaj³,kʰaj³
溘_1,het475,溪覃一開 入口荅,khop⁴,kʰop⁴
痁_0,het476,書鹽三開 平失廉,syem¹,ɕem¹
痁_1,het476,端添四開 去都念,tem³,tem³
絮_0,het477,心魚三開 去息據,sjo³,sjo³
絮_1,het477,娘魚三開 去尼據,nrjo³,ɳjo³
絮_2,het477,徹魚三開 去抽據,trhjo³,ʈʰjo³
絮_3,het477,泥麻二開 去乃亞,næ³,næ³
方_0,het478,並陽三合 平符方,bjwang¹,bjwaŋ¹
方_1,het478,幫陽三合 平府良,pjwang¹,pjwaŋ¹
蛇_0,het479,以支三開 平弋支,ye¹,je¹
蛇_1,het479,透歌一開 平託何,tha¹,tʰa¹
蛇_2,het479,船麻三開 平食遮,zyæ¹,ʑæ¹
與_0,het480,以魚三開 平以諸,yo¹,jo¹
與_1,het480,以魚三開 上余吕,yo²,jo²
與_2,het480,以魚三開 去羊洳,yo³,jo³
矢,het481,書脂三開 上式視-重鈕,syij²,ɕij²
枹_0,het482,並虞三合 平防無,bju¹,bju¹
枹_1,het482,幫肴二開 平布交,pæw¹,pæw¹
枹_2,het482,並尤三開 平縛謀,bjuw¹,bjuw¹
蘄_0,het483,群之三開 平渠之,gi¹,gi¹
蘄_1,het483,見微三開 平居依,kjɨj¹,kjɨj¹
蘄_2,het483,群欣三開 平巨斤,gjɨn¹,gjɨn¹
濆_0,het484,並文三合 平符分,bjun¹,bjun¹
濆_1,het484,滂魂一合 平普魂,phwon¹,pʰwon¹
嘍_0,het485,來侯一開 平落侯,luw¹,luw¹
嘍_1,het485,來侯一開 上郎斗,luw²,luw²
伺_0,het486,心之三開 平息兹,si¹,si¹
伺_1,het486,心之三開 去相吏,si³,si³
遠_0,het487,云元三合 上雲阮,hjwon²,ɣjwon²
遠_1,het487,云元三合 去于願,hjwon³,ɣjwon³
扁_0,het488,滂仙三開 平芳連,phjen¹,pʰjen¹
扁_1,het488,幫先四開 上方典,pen²,pen²
扁_2,het488,並先四開 上薄泫,ben²,ben²
扁_3,het488,並仙三開 上符善,bjen²,bjen²
郎,het489,來唐一開 平魯當,lang¹,laŋ¹
映_0,het490,影唐一開 上烏朗,ʔang²,ʔaŋ²
映_1,het490,影庚三開 去於敬,ʔjæng³,ʔjæŋ³
酤_0,het491,見模一開 平古胡,ku¹,ku¹
酤_1,het491,匣模一開 上侯古,hu²,ɣu²
酤_2,het491,見模一開 去古暮,ku³,ku³
鶝_0,het492,幫東三開 入方六,pjuwk⁴,pjukʷ⁴
鶝_1,het492,並蒸三開 入符逼,bik⁴,bik⁴
耏_0,het493,日之三開 平如之,nyi¹,ɲi¹
耏_1,het493,泥咍一開 去奴代,noj³,noj³
先_0,het494,心先四開 平蘇前,sen¹,sen¹
先_1,het494,心先四開 去蘇佃,sen³,sen³
仂_0,het495,來蒸三開 入林直,lik⁴,lik⁴
仂_1,het495,來登一開 入盧則,lok⁴,lok⁴
埏_0,het496,以仙三開 平以然,yen¹,jen¹
埏_1,het496,書仙三開 平式連,syen¹,ɕen¹
姬_0,het497,以之三開 平與之,yi¹,ji¹
姬_1,het497,見之三開 平居之,ki¹,ki¹
涎_0,het498,邪仙三開 平夕連,zjen¹,zjen¹
涎_1,het498,以仙三開 去于線？,yen³,jen³
螾_0,het499,以眞三開 平翼眞,yin¹,jin¹
螾_1,het499,以眞三開 上余忍,yin²,jin²
給,het500,見侵三開 入居立-重鈕,kip⁴,kip⁴
禰,het501,泥齊四開 上奴禮,nej²,nej²
釱_0,het502,定齊四開 去特計,dej³,dej³
釱_1,het502,定泰一開 去徒蓋,daj³,daj³
偲_0,het503,心之三開 平息兹,si¹,si¹
偲_1,het503,清咍一開 平倉才,tshoj¹,t͡sʰoj¹
伴_0,het504,並桓一合 上蒲旱,bwan²,bwan²
伴_1,het504,並桓一合 去薄半,bwan³,bwan³
怋_0,het505,明眞三開 平彌鄰,min¹,min¹
怋_1,het505,明魂一合 平莫奔,mwon¹,mwon¹
羨_0,het506,以脂三開 平以脂,yij¹,jij¹
羨_1,het506,邪仙三開 去似面,zjen³,zjen³
羨_2,het506,以仙三開 去于線,yen³,jen³
輾_0,het507,知仙三開 上知演-重鈕,trjen²,ʈjen²
輾_1,het507,娘仙三開 去女箭-重鈕,nrjen³,ɳjen³
厥_0,het508,見文三合 入九勿,kjut⁴,kjut⁴
厥_1,het508,見元三合 入居月,kjwot⁴,kjwot⁴
菟_0,het509,定模一開 平同都,du¹,du¹
菟_1,het509,透模一開 去湯故,thu³,tʰu³
雨_0,het510,云虞三合 上王矩,hju²,ɣju²
雨_1,het510,云虞三合 去王遇,hju³,ɣju³
齦_0,het511,疑欣三開 平語斤,ngjɨn¹,ŋjɨn¹
齦_1,het511,溪痕一開 上康很,khon²,kʰon²
齦_2,het511,溪山二開 上起限,khɛn²,kʰɛn²
親_0,het512,清眞三開 平七人,tshin¹,t͡sʰin¹
親_1,het512,清眞三開 去七遴,tshin³,t͡sʰin³
錕_0,het513,見魂一合 平古渾,kwon¹,kwon¹
錕_1,het513,見魂一合 上古本,kwon²,kwon²
㽱_0,het514,見尤三開 平居求,kjuw¹,kjuw¹
㽱_1,het514,見幽三開 平居虯,kjiw¹,kjiw¹
㽱_2,het514,見肴二開 上古巧,kæw²,kæw²
琁,het515,邪仙三合 平似宣,zjwen¹,zjwen¹
鋟_0,het516,精鹽三開 平子廉,tsjem¹,t͡sjem¹
鋟_1,het516,清侵三開 上七稔,tshim²,t͡sʰim²
焉_0,het517,影元三開 平謁言,ʔjon¹,ʔjon¹
焉_1,het517,影仙三開 平於乾-重鈕,ʔjen¹,ʔjen¹
焉_2,het517,云仙三開 平有乾-重鈕,hjen¹,ɣjen¹
禁_0,het518,見侵三開 平居吟-重鈕,kim¹,kim¹
禁_1,het518,見侵三開 去居蔭-重鈕,kim³,kim³
錢_0,het519,從仙三開 平昨仙,dzjen¹,d͡zjen¹
錢_1,het519,精仙三開 上即淺,tsjen²,t͡sjen²
抹,het520,明桓一合 入莫撥,mwat⁴,mwat⁴
虺_0,het522,曉皆二合 平呼懷,xwɛj¹,xwɛj¹
虺_1,het522,曉灰一合 平呼恢,xwoj¹,xwoj¹
虺_2,het522,曉微三合 上許偉,xjwɨj²,xjwɨj²
獠_0,het523,來蕭四開 平落蕭,lew¹,lew¹
獠_1,het523,知肴二開 上張絞,træw²,ʈæw²
獠_2,het523,來豪一開 上盧晧,law²,law²
疏_0,het524,生魚三開 平所葅,srjo¹,ʂjo¹
疏_1,het524,生魚三開 去所去,srjo³,ʂjo³
籠_0,het525,來東一開 平盧紅,luwng¹,luŋʷ¹
籠_1,het525,來鍾三開 平力鍾,ljowng¹,ljoŋʷ¹
籠_2,het525,來東一開 上力董,luwng²,luŋʷ²
黮_0,het526,定覃一開 上徒感,dom²,dom²
黮_1,het526,透覃一開 上他感,thom²,tʰom²
裯_0,het527,澄虞三合 平直誅,drju¹,ɖju¹
裯_1,het527,端豪一開 平都勞,taw¹,taw¹
裯_2,het527,澄尤三開 平直由,drjuw¹,ɖjuw¹
否_0,het528,並脂三開 上符鄙-重鈕,bij²,bij²
否_1,het528,幫尤三開 上方久,pjuw²,pjuw²
膜_0,het529,明模一開 平莫胡,mu¹,mu¹
膜_1,het529,明唐一開 入慕各,mak⁴,mak⁴
語_0,het530,疑魚三開 上魚巨,ngjo²,ŋjo²
語_1,het530,疑魚三開 去牛倨,ngjo³,ŋjo³
澎_0,het531,並庚二開 平薄庚,bæng¹,bæŋ¹
澎_1,het531,滂庚三開 平撫庚,phjæng¹,pʰjæŋ¹
處_0,het532,昌魚三開 上昌與,tshyo²,t͡ɕʰo²
處_1,het532,昌魚三開 去昌據,tshyo³,t͡ɕʰo³
沱_0,het533,定歌一開 平徒河,da¹,da¹
沱_1,het533,定歌一開 上徒可,da²,da²
腦_0,het534,泥豪一開 上奴晧,naw²,naw²
腦_1,het534,泥豪一開 去那到,naw³,naw³
斤_0,het535,見欣三開 平舉欣,kjɨn¹,kjɨn¹
斤_1,het535,見欣三開 去居焮,kjɨn³,kjɨn³
左_0,het536,精歌一開 上臧可,tsa²,t͡sa²
左_1,het536,精歌一開 去則箇,tsa³,t͡sa³
濺_0,het537,精先四開 平則前,tsen¹,t͡sen¹
濺_1,het537,精仙三開 去子賤,tsjen³,t͡sjen³
相_0,het538,心陽三開 平息良,sjang¹,sjaŋ¹
相_1,het538,心陽三開 去息亮,sjang³,sjaŋ³
朴,het539,滂江二開 入匹角,phæwk⁴,pʰækʷ⁴
搶_0,het540,清陽三開 平七羊,tshjang¹,t͡sʰjaŋ¹
搶_1,het540,初陽三開 上初兩,tshrjang²,ʈ͡ʂʰjaŋ²
搶_2,het540,清陽三開 上七兩,tshjang²,t͡sʰjaŋ²
澩_0,het541,匣肴二開 上下巧,hæw²,ɣæw²
澩_1,het541,崇江二開 入士角,dzræwk⁴,ɖ͡ʐækʷ⁴
澩_2,het541,匣江二開 入胡覺,hæwk⁴,ɣækʷ⁴
筑_0,het542,澄東三開 入直六,drjuwk⁴,ɖjukʷ⁴
筑_1,het542,知東三開 入張六,trjuwk⁴,ʈjukʷ⁴
攘_0,het543,日陽三開 平汝陽,nyang¹,ɲaŋ¹
攘_1,het543,日陽三開 上如兩,nyang²,ɲaŋ²
攘_2,het543,日陽三開 去人樣,nyang³,ɲaŋ³
嗇,het544,生蒸三開 入所力,srik⁴,ʂik⁴
何_0,het545,匣歌一開 平胡歌,ha¹,ɣa¹
何_1,het545,匣歌一開 上胡可,ha²,ɣa²
洵_0,het546,心諄三合 平相倫,swin¹,swin¹
洵_1,het546,邪諄三合 平詳遵,zwin¹,zwin¹
瀧_0,het547,來東一開 平盧紅,luwng¹,luŋʷ¹
瀧_1,het547,來江二開 平呂江,læwng¹,læŋʷ¹
瀧_2,het547,生江二開 平所江,sræwng¹,ʂæŋʷ¹
舑_0,het548,透談一開 平他酣,tham¹,tʰam¹
舑_1,het548,日鹽三開 平汝鹽,nyem¹,ɲem¹
亢_0,het549,見唐一開 平古郎,kang¹,kaŋ¹
亢_1,het549,溪唐一開 去苦浪,khang³,kʰaŋ³
藏_0,het550,從唐一開 平昨郎,dzang¹,d͡zaŋ¹
藏_1,het550,從唐一開 去徂浪,dzang³,d͡zaŋ³
蔣_0,het551,精陽三開 平即良,tsjang¹,t͡sjaŋ¹
蔣_1,het551,精陽三開 上即兩,tsjang²,t͡sjaŋ²
焆_0,het552,見先四合 平古玄,kwen¹,kwen¹
焆_1,het552,影先四合 入於決,ʔwet⁴,ʔwet⁴
焆_2,het552,影仙三開 入於列-重鈕,ʔjet⁴,ʔjet⁴
燎_0,het553,來宵三開 平力昭,ljew¹,ljew¹
燎_1,het553,來宵三開 上力小,ljew²,ljew²
燎_2,het553,來宵三開 去力照,ljew³,ljew³
槍_0,het554,清陽三開 平七羊,tshjang¹,t͡sʰjaŋ¹
槍_1,het554,初庚二開 平楚庚,tshræng¹,ʈ͡ʂʰæŋ¹
釘_0,het555,端青四開 平當經,teng¹,teŋ¹
釘_1,het555,端青四開 去丁定,teng³,teŋ³
噢_0,het556,影虞三合 上於武,ʔju²,ʔju²
噢_1,het556,影東三開 入於六,ʔjuwk⁴,ʔjukʷ⁴
洞_0,het557,定東一開 平徒紅,duwng¹,duŋʷ¹
洞_1,het557,定東一開 去徒弄,duwng³,duŋʷ³
其_0,het558,群之三開 平渠之,gi¹,gi¹
其_1,het558,見之三開 平居之,ki¹,ki¹
檜_0,het559,見泰一合 去古外,kwaj³,kwaj³
檜_1,het559,見桓一合 入古活,kwat⁴,kwat⁴
侅_0,het560,溪咍一開 平苦哀,khoj¹,kʰoj¹
侅_1,het560,見咍一開 平古哀,koj¹,koj¹
侅_2,het560,匣皆二開 上侯楷,hɛj²,ɣɛj²
侅_3,het560,匣咍一開 上胡改,hoj²,ɣoj²
號_0,het561,匣豪一開 平胡刀,haw¹,ɣaw¹
號_1,het561,匣豪一開 去胡倒,haw³,ɣaw³
呵_0,het562,曉歌一開 平虎何,xa¹,xa¹
呵_1,het562,曉歌一開 去呼箇,xa³,xa³
囤,het563,定魂一合 上徒損,dwon²,dwon²
鐙,het564,端登一開 去都鄧,tong³,toŋ³
倒_0,het565,端豪一開 上都晧,taw²,taw²
倒_1,het565,端豪一開 去都導,taw³,taw³
雚,het566,見桓一合 去古玩,kwan³,kwan³
獿_0,het567,泥豪一開 平奴刀,naw¹,naw¹
獿_1,het567,娘肴二開 上奴巧,nræw²,ɳæw²
蝤_0,het568,精尤三開 平即由,tsjuw¹,t͡sjuw¹
蝤_1,het568,從尤三開 平自秋,dzjuw¹,d͡zjuw¹
隱_0,het569,影欣三開 上於謹,ʔjɨn²,ʔjɨn²
隱_1,het569,影欣三開 去於靳,ʔjɨn³,ʔjɨn³
靉_0,het570,影微三開 上於豈,ʔjɨj²,ʔjɨj²
靉_1,het570,影咍一開 去烏代,ʔoj³,ʔoj³
種_0,het571,章鍾三開 上之隴,tsyowng²,t͡ɕoŋʷ²
種_1,het571,章鍾三開 去之用,tsyowng³,t͡ɕoŋʷ³
疦_0,het572,曉先四合 入呼決,xwet⁴,xwet⁴
疦_1,het572,見先四合 入古穴,kwet⁴,kwet⁴
渴_0,het573,溪寒一開 入苦曷,khat⁴,kʰat⁴
渴_1,het573,群仙三開 入渠列-重鈕,gjet⁴,gjet⁴
越_0,het574,云元三合 入王伐,hjwot⁴,ɣjwot⁴
越_1,het574,匣桓一合 入戸括,hwat⁴,ɣwat⁴
傀_0,het575,見灰一合 平公回,kwoj¹,kwoj¹
傀_1,het575,溪灰一合 上口猥,khwoj²,kʰwoj²
女_0,het576,娘魚三開 上尼吕,nrjo²,ɳjo²
女_1,het576,娘魚三開 去尼據,nrjo³,ɳjo³
葉_0,het577,以鹽三開 入與涉,yep⁴,jep⁴
葉_1,het577,書鹽三開 入書涉,syep⁴,ɕep⁴
娩_0,het578,明元三合 上無遠,mjwon²,mjwon²
娩_1,het578,明仙三開 上亡辨-重鈕,mjen²,mjen²
娩_2,het578,明文三合 去亡運,mjun³,mjun³
娩_3,het578,明元三合 去無販,mjwon³,mjwon³
娩_4,het578,滂元三合 去芳万,phjwon³,pʰjwon³
辨_0,het579,並仙三開 上符蹇-重鈕,bjen²,bjen²
辨_1,het579,並山二開 去蒲莧,bɛn³,bɛn³
㾹_0,het580,崇佳二開 平士佳,dzrɛɨ¹,ɖ͡ʐɛɨ¹
㾹_1,het580,崇佳二開 去士懈,dzrɛɨ³,ɖ͡ʐɛɨ³
上_0,het581,常陽三開 上時掌,dzyang²,d͡ʑaŋ²
上_1,het581,常陽三開 去時亮,dzyang³,d͡ʑaŋ³
媕_0,het582,影覃一開 平烏含,ʔom¹,ʔom¹
媕_1,het582,影鹽三開 上衣儉-重鈕,ʔjem²,ʔjem²
媕_2,het582,影覃一開 入烏合,ʔop⁴,ʔop⁴
蓮_0,het583,來先四開 平落賢,len¹,len¹
蓮_1,het583,來仙三開 上力展,ljen²,ljen²
賁_0,het584,並微三合 平符非,bjwɨj¹,bjwɨj¹
賁_1,het584,並文三合 平符分,bjun¹,bjun¹
賁_2,het584,幫魂一合 平博昆,pwon¹,pwon¹
賁_3,het584,幫支三開 去彼義-重鈕,pje³,pje³
嘔_0,het585,影侯一開 平烏侯,ʔuw¹,ʔuw¹
嘔_1,het585,影侯一開 上烏后,ʔuw²,ʔuw²
莖_0,het586,匣耕二開 平戸耕,hɛng¹,ɣɛŋ¹
莖_1,het586,影耕二開 平烏莖,ʔɛng¹,ʔɛŋ¹
蜮_0,het587,云蒸三合 入雨逼,hjwik⁴,ɣjwik⁴
蜮_1,het587,匣登一合 入胡國,hwok⁴,ɣwok⁴
盟_0,het588,明庚三開 平武兵,mjæng¹,mjæŋ¹
盟_1,het588,明庚二開 去莫更,mæng³,mæŋ³
甫,het589,幫虞三合 上方矩,pju²,pju²
踉_0,het590,來陽三開 平呂章,ljang¹,ljaŋ¹
踉_1,het590,來唐一開 平魯當,lang¹,laŋ¹
踉_2,het590,來陽三開 去力讓,ljang³,ljaŋ³
奠_0,het591,定先四開 去堂練,den³,den³
奠_1,het591,端青四開 去丁定,teng³,teŋ³
幬_0,het592,澄尤三開 平直由,drjuw¹,ɖjuw¹
幬_1,het592,定豪一開 去徒到,daw³,daw³
召_0,het593,澄宵三開 去直照-重鈕,drjew³,ɖjew³
召_1,het593,常宵三開 去寔照,dzyew³,d͡ʑew³
羋,het594,明支三開 上綿婢,mje²,mje²
邯_0,het595,匣寒一開 平胡安,han¹,ɣan¹
邯_1,het595,匣談一開 平胡甘,ham¹,ɣam¹
棖,het596,澄庚二開 平直庚,dræng¹,ɖæŋ¹
會_0,het597,匣泰一合 去黃外,hwaj³,ɣwaj³
會_1,het597,見泰一合 去古外,kwaj³,kwaj³
倡_0,het598,昌陽三開 平尺良,tshyang¹,t͡ɕʰaŋ¹
倡_1,het598,昌陽三開 去尺亮,tshyang³,t͡ɕʰaŋ³
紕_0,het599,並支三開 平符支,bje¹,bje¹
紕_1,het599,滂脂三開 平匹夷,phij¹,pʰij¹
紕_2,het599,昌之三開 上昌里,tshyi²,t͡ɕʰi²
厝_0,het600,清模一開 去倉故,tshu³,t͡sʰu³
厝_1,het600,清唐一開 入倉各,tshak⁴,t͡sʰak⁴
留_0,het601,來尤三開 平力求,ljuw¹,ljuw¹
留_1,het601,來尤三開 去力救,ljuw³,ljuw³
稽_0,het602,見齊四開 平古奚,kej¹,kej¹
稽_1,het602,溪齊四開 上康禮,khej²,kʰej²
偶_0,het603,疑侯一開 上五口,nguw²,ŋuw²
偶_1,het603,疑侯一開 去五遘,nguw³,ŋuw³
泡_0,het604,滂肴二開 平匹交,phæw¹,pʰæw¹
泡_1,het604,並肴二開 平薄交,bæw¹,bæw¹
奇_0,het605,群支三開 平渠羈-重鈕,gje¹,gje¹
奇_1,het605,見支三開 平居宜-重鈕,kje¹,kje¹
頡_0,het606,見山二開 入古黠,kɛt⁴,kɛt⁴
頡_1,het606,匣先四開 入胡結,het⁴,ɣet⁴
胞_0,het607,幫肴二開 平布交,pæw¹,pæw¹
胞_1,het607,滂肴二開 平匹交,phæw¹,pʰæw¹
八,het608,幫山二開 入博拔,pɛt⁴,pɛt⁴
邪_0,het609,以麻三開 平以遮,yæ¹,jæ¹
邪_1,het609,邪麻三開 平似嗟,zjæ¹,zjæ¹
沮_0,het610,清魚三開 平七余,tshjo¹,t͡sʰjo¹
沮_1,het610,精魚三開 平子魚,tsjo¹,t͡sjo¹
沮_2,het610,莊魚三開 平側魚,tsrjo¹,ʈ͡ʂjo¹
沮_3,het610,從魚三開 上慈吕,dzjo²,d͡zjo²
沮_4,het610,精魚三開 去將預,tsjo³,t͡sjo³
科_0,het611,溪戈一合 平苦禾,khwa¹,kʰwa¹
科_1,het611,溪戈一合 去苦卧,khwa³,kʰwa³
獻_0,het612,心歌一開 平素何,sa¹,sa¹
獻_1,het612,曉元三開 去許建,xjon³,xjon³
滑_0,het613,見魂一合 入古忽,kwot⁴,kwot⁴
滑_1,het613,匣魂一合 入戸骨,hwot⁴,ɣwot⁴
滑_2,het613,匣山二合 入戸八,hwɛt⁴,ɣwɛt⁴
犍_0,het614,見元三開 平居言,kjon¹,kjon¹
犍_1,het614,群仙三開 平渠焉-重鈕,gjen¹,gjen¹
杷_0,het615,並麻二開 平蒲巴,bæ¹,bæ¹
杷_1,het615,並佳二開 去傍卦,bɛɨ³,bɛɨ³
杷_2,het615,並麻二開 去白駕,bæ³,bæ³
聱_0,het616,疑肴二開 平五交,ngæw¹,ŋæw¹
聱_1,het616,疑豪一開 平五勞,ngaw¹,ŋaw¹
聱_2,het616,疑幽三開 平語虯,ngjiw¹,ŋjiw¹
馮_0,het617,並東三開 平房戎,bjuwng¹,bjuŋʷ¹
馮_1,het617,並蒸三開 平扶冰,bing¹,biŋ¹
浚,het618,心諄三合 去私閏,swin³,swin³
譀_0,het619,匣談一開 去下瞰,ham³,ɣam³
譀_1,het619,曉銜二開 去許鑑,xæm³,xæm³
譀_2,het619,曉銜二開 入呼甲,xæp⁴,xæp⁴
三_0,het620,心談一開 平蘇甘,sam¹,sam¹
三_1,het620,心談一開 去蘇暫,sam³,sam³
壤,het621,日陽三開 上如兩,nyang²,ɲaŋ²
鬆_0,het622,心冬一開 平私宗,sowng¹,soŋʷ¹
鬆_1,het622,心鍾三開 平息恭,sjowng¹,sjoŋʷ¹
鬆_2,het622,清鍾三開 平七恭,tshjowng¹,t͡sʰjoŋʷ¹
鬆_3,het622,心東一開 去蘇弄,suwng³,suŋʷ³
伏_0,het623,並尤三開 去扶富,bjuw³,bjuw³
伏_1,het623,並東三開 入房六,bjuwk⁴,bjukʷ⁴
呈_0,het624,澄清三開 平直貞,drjieng¹,ɖjieŋ¹
呈_1,het624,澄清三開 去直正,drjieng³,ɖjieŋ³
幢_0,het625,澄江二開 平宅江,dræwng¹,ɖæŋʷ¹
幢_1,het625,澄江二開 去直絳,dræwng³,ɖæŋʷ³
曏_0,het626,曉陽三開 上許兩,xjang²,xjaŋ²
曏_1,het626,書陽三開 上書兩,syang²,ɕaŋ²
曏_2,het626,書陽三開 去式亮,syang³,ɕaŋ³
曏_3,het626,曉陽三開 去許亮,xjang³,xjaŋ³
吂_0,het627,明唐一開 平莫郎,mang¹,maŋ¹
吂_1,het627,明唐一開 去莫浪,mang³,maŋ³
繫_0,het628,見齊四開 去古詣,kej³,kej³
繫_1,het628,匣齊四開 去胡計,hej³,ɣej³
䯂_0,het629,生臻三開 平所臻,srin¹,ʂin¹
䯂_1,het629,崇侵三開 入仕戢-重鈕,dzrip⁴,ɖ͡ʐip⁴
祁_0,het630,群脂三開 平渠脂,gij¹,gij¹
祁_1,het630,章脂三開 上職雉-重鈕,tsyij²,t͡ɕij²
膏_0,het631,見豪一開 平古勞,kaw¹,kaw¹
膏_1,het631,見豪一開 去古到,kaw³,kaw³
丿_0,het632,以祭三開 去餘制,yej³,jej³
丿_1,het632,滂先四開 入普蔑,phet⁴,pʰet⁴
首_0,het633,書尤三開 上書九,syuw²,ɕuw²
首_1,het633,書尤三開 去舒救,syuw³,ɕuw³
單_0,het634,端寒一開 平都寒,tan¹,tan¹
單_1,het634,常仙三開 平市連,dzyen¹,d͡ʑen¹
單_2,het634,常仙三開 上常演,dzyen²,d͡ʑen²
單_3,het634,常仙三開 去時戰,dzyen³,d͡ʑen³
蟲_0,het635,澄東三開 平直弓,drjuwng¹,ɖjuŋʷ¹
蟲_1,het635,澄東三開 去直衆,drjuwng³,ɖjuŋʷ³
妻_0,het636,清齊四開 平七稽,tshej¹,t͡sʰej¹
妻_1,het636,清齊四開 去七計,tshej³,t͡sʰej³
曾_0,het637,精登一開 平作滕,tsong¹,t͡soŋ¹
曾_1,het637,從登一開 平昨楞,dzong¹,d͡zoŋ¹
磷_0,het638,來眞三開 平力珍,lin¹,lin¹
磷_1,het638,來眞三開 去良刃,lin³,lin³
儥_0,het639,定東一開 入徒谷,duwk⁴,dukʷ⁴
儥_1,het639,以東三開 入余六,yuwk⁴,jukʷ⁴
瞶_0,het640,以脂三合 去以醉,ywij³,jwij³
瞶_1,het640,見微三合 去居胃,kjwɨj³,kjwɨj³
丁_0,het641,知耕二開 平中莖,trɛng¹,ʈɛŋ¹
丁_1,het641,端青四開 平當經,teng¹,teŋ¹
藇_0,het642,以魚三開 平以諸,yo¹,jo¹
藇_1,het642,心魚三開 平相居,sjo¹,sjo¹
藇_2,het642,以魚三開 上余吕,yo²,jo²
藇_3,het642,邪魚三開 上徐吕,zjo²,zjo²
藇_4,het642,以魚三開 去羊洳,yo³,jo³
斥_0,het643,昌麻三開 去充夜,tshyæ³,t͡ɕʰæ³
斥_1,het643,昌清三開 入昌石,tshyek⁴,t͡ɕʰek⁴
屬_0,het644,章鍾三開 入之欲,tsyowk⁴,t͡ɕokʷ⁴
屬_1,het644,常鍾三開 入市玉,dzyowk⁴,d͡ʑokʷ⁴
被_0,het645,並支三開 上皮彼-重鈕,bje²,bje²
被_1,het645,並支三開 去平義-重鈕,bje³,bje³
渦_0,het646,見戈一合 平古禾,kwa¹,kwa¹
渦_1,het646,影戈一合 平烏禾,ʔwa¹,ʔwa¹
暴_0,het647,並豪一開 去薄報,baw³,baw³
暴_1,het647,並東一開 入蒲木,buwk⁴,bukʷ⁴
灑_0,het648,生支三開 上所綺-重鈕,srje²,ʂje²
灑_1,het648,生佳二開 上所蟹,srɛɨ²,ʂɛɨ²
灑_2,het648,生麻二開 上砂下,sræ²,ʂæ²
灑_3,het648,生支三開 去所寄-重鈕,srje³,ʂje³
龜_0,het649,見脂三合 平居追-重鈕,kwij¹,kwij¹
龜_1,het649,見尤三開 平居求,kjuw¹,kjuw¹
佻_0,het650,透蕭四開 平吐彫,thew¹,tʰew¹
佻_1,het650,定蕭四開 平徒聊,dew¹,dew¹
卷_0,het651,群仙三合 平巨員-重鈕,gjwen¹,gjwen¹
卷_1,het651,群元三合 上求晚,gjwon²,gjwon²
卷_2,het651,見仙三合 上居轉-重鈕,kjwen²,kjwen²
卷_3,het651,見仙三合 去居倦-重鈕,kjwen³,kjwen³
夥_0,het652,匣佳二合 上懷𠁥,hwɛɨ²,ɣwɛɨ²
夥_1,het652,匣戈一合 上胡果,hwa²,ɣwa²
銳_0,het653,以祭三合 去以芮,ywej³,jwej³
銳_1,het653,定泰一合 去杜外,dwaj³,dwaj³
糜,het654,明支三開 平靡爲-重鈕,mje¹,mje¹
繞_0,het655,日宵三開 上而沼,nyew²,ɲew²
繞_1,het655,日宵三開 去人要,nyew³,ɲew³
鷂_0,het656,以宵三開 平餘昭,yew¹,jew¹
鷂_1,het656,以宵三開 去弋照,yew³,jew³
濯_0,het657,澄肴二開 去直敎,dræw³,ɖæw³
濯_1,het657,澄江二開 入直角,dræwk⁴,ɖækʷ⁴
澹_0,het658,定談一開 平徒甘,dam¹,dam¹
澹_1,het658,定談一開 上徒敢,dam²,dam²
澹_2,het658,定談一開 去徒濫,dam³,dam³
殕_0,het659,滂虞三合 上芳武,phju²,pʰju²
殕_1,het659,幫尤三開 上方久,pjuw²,pjuw²
殕_2,het659,影登一開 入愛黑,ʔok⁴,ʔok⁴
斯,het660,心支三開 平息移,sje¹,sje¹
倗_0,het661,並登一開 平步崩,bong¹,boŋ¹
倗_1,het661,滂登一開 上普等,phong²,pʰoŋ²
倗_2,het661,並登一開 去父亘,bong³,boŋ³
勁,het662,見清三開 去居正,kjieng³,kjieŋ³
怕_0,het663,滂麻二開 去普駕,phæ³,pʰæ³
怕_1,het663,滂庚二開 入普伯,phæk⁴,pʰæk⁴
摸_0,het664,明模一開 平莫胡,mu¹,mu¹
摸_1,het664,明唐一開 入慕各,mak⁴,mak⁴
夏_0,het665,匣麻二開 上胡雅,hæ²,ɣæ²
夏_1,het665,匣麻二開 去胡駕,hæ³,ɣæ³
監_0,het666,見銜二開 平谷銜,kæm¹,kæm¹
監_1,het666,見銜二開 去格懺,kæm³,kæm³
倩_0,het667,清先四開 去倉甸,tshen³,t͡sʰen³
倩_1,het667,清清三開 去七政,tshjieng³,t͡sʰjieŋ³
宿_0,het668,心尤三開 去息救,sjuw³,sjuw³
宿_1,het668,心東三開 入息逐,sjuwk⁴,sjukʷ⁴
瀾_0,het669,來寒一開 平落干,lan¹,lan¹
瀾_1,het669,來寒一開 去郎旰,lan³,lan³
趌_0,het670,見眞三開 入居質,kit⁴,kit⁴
趌_1,het670,溪眞三開 入去吉,khit⁴,kʰit⁴
趌_2,het670,群眞三開 入巨乙-重鈕,git⁴,git⁴
趌_3,het670,見仙三開 入居列-重鈕,kjet⁴,kjet⁴
瘥_0,het671,從歌一開 平昨何,dza¹,d͡za¹
瘥_1,het671,精麻三開 平子邪,tsjæ¹,t͡sjæ¹
瘥_2,het671,初佳二開 去楚懈,tshrɛɨ³,ʈ͡ʂʰɛɨ³
枒_0,het672,疑麻二開 平五加,ngæ¹,ŋæ¹
枒_1,het672,疑麻二開 去吾駕,ngæ³,ŋæ³
放_0,het673,幫陽三合 上分网,pjwang²,pjwaŋ²
放_1,het673,幫陽三合 去甫妄,pjwang³,pjwaŋ³
阬_0,het674,溪庚二開 平客庚,khæng¹,kʰæŋ¹
阬_1,het674,溪唐一開 去苦浪,khang³,kʰaŋ³
炮_0,het675,並肴二開 平薄交,bæw¹,bæw¹
炮_1,het675,滂肴二開 去匹皃,phæw³,pʰæw³
蜱_0,het676,並支三開 平符支,bje¹,bje¹
蜱_1,het676,明宵三開 平彌遙,mjew¹,mjew¹
吵_0,het677,明宵三開 上亡沼,mjew²,mjew²
吵_1,het677,初肴二開 上初爪,tshræw²,ʈ͡ʂʰæw²
油_0,het678,以尤三開 平以周,yuw¹,juw¹
油_1,het678,以尤三開 去余救,yuw³,juw³
不_0,het679,幫尤三開 平甫鳩,pjuw¹,pjuw¹
不_1,het679,幫尤三開 上方久,pjuw²,pjuw²
不_2,het679,幫文三合 入分勿,pjut⁴,pjut⁴
汝,het680,日魚三開 上人渚,nyo²,ɲo²
蹛_0,het681,澄祭三開 去直例-重鈕,drjej³,ɖjej³
蹛_1,het681,端泰一開 去當蓋,taj³,taj³
惹_0,het682,日麻三開 上人者,nyæ²,ɲæ²
惹_1,het682,日陽三開 入而灼,nyak⁴,ɲak⁴
曲,het683,溪鍾三開 入丘玉,khjowk⁴,kʰjokʷ⁴
港_0,het684,見江二開 上古項,kæwng²,kæŋʷ²
港_1,het684,匣東一開 去胡貢,huwng³,ɣuŋʷ³
漲_0,het685,知陽三開 平陟良,trjang¹,ʈjaŋ¹
漲_1,het685,知陽三開 去知亮,trjang³,ʈjaŋ³
攤_0,het686,透寒一開 平他干,than¹,tʰan¹
攤_1,het686,泥寒一開 上奴但,nan²,nan²
攤_2,het686,泥寒一開 去奴案,nan³,nan³
蝶_0,het687,透添四開 入他協,thep⁴,tʰep⁴
蝶_1,het687,定添四開 入徒協,dep⁴,dep⁴
蹴_0,het688,清東三開 入七宿,tshjuwk⁴,t͡sʰjukʷ⁴
蹴_1,het688,精東三開 入子六,tsjuwk⁴,t͡sjukʷ⁴
看_0,het689,溪寒一開 平苦寒,khan¹,kʰan¹
看_1,het689,溪寒一開 去苦旰,khan³,kʰan³
謾_0,het690,明桓一合 平母官,mwan¹,mwan¹
謾_1,het690,明刪二開 平莫還,mæn¹,mæn¹
謾_2,het690,明仙三開 平武延,mjen¹,mjen¹
謾_3,het690,明桓一合 去莫半,mwan³,mwan³
謾_4,het690,明刪二開 去謨晏,mæn³,mæn³
質_0,het691,知脂三開 去陟利-重鈕,trij³,ʈij³
質_1,het691,章眞三開 入之日,tsyit⁴,t͡ɕit⁴
溳_0,het692,云文三合 平王分,hjun¹,ɣjun¹
溳_1,het692,云眞三合 上于敏-重鈕,hjin²,ɣjin²
桅_0,het693,疑灰一合 平五灰,ngwoj¹,ŋwoj¹
桅_1,het693,見支三合 上過委-重鈕,kjwe²,kjwe²
為_0,het694,云支三合 平薳支-重鈕,hjwe¹,ɣjwe¹
為_1,het694,云支三合 去于僞-重鈕,hjwe³,ɣjwe³
煬_0,het695,以陽三開 平與章,yang¹,jaŋ¹
煬_1,het695,以陽三開 去餘亮,yang³,jaŋ³
省_0,het696,生庚三開 上所景,srjæng²,ʂjæŋ²
省_1,het696,心清三開 上息井,sjieng²,sjieŋ²
柱_0,het697,澄虞三合 上直主,drju²,ɖju²
柱_1,het697,知虞三合 上知庾,trju²,ʈju²
帑_0,het698,泥模一開 平乃都,nu¹,nu¹
帑_1,het698,透唐一開 上他朗,thang²,tʰaŋ²
絃_0,het699,匣先四開 平胡田,hen¹,ɣen¹
絃_1,het699,曉先四合 去許縣,xwen³,xwen³
嗒_0,het700,端覃一開 入都合,top⁴,top⁴
嗒_1,het700,透談一開 入吐盍,thap⁴,tʰap⁴
縫_0,het701,並鍾三開 平符容,bjowng¹,bjoŋʷ¹
縫_1,het701,並鍾三開 去扶用,bjowng³,bjoŋʷ³
沌_0,het702,定魂一合 平徒渾,dwon¹,dwon¹
沌_1,het702,定魂一合 上徒損,dwon²,dwon²
沌_2,het702,澄仙三合 上持兖-重鈕,drjwen²,ɖjwen²
皛_0,het703,匣蕭四開 上胡了,hew²,ɣew²
皛_1,het703,滂庚二開 入普伯,phæk⁴,pʰæk⁴
決_0,het704,曉先四合 入呼決,xwet⁴,xwet⁴
決_1,het704,見先四合 入古穴,kwet⁴,kwet⁴
墳_0,het705,並文三合 平符分,bjun¹,bjun¹
墳_1,het705,並文三合 上房吻,bjun²,bjun²
戡_0,het706,溪覃一開 平口含,khom¹,kʰom¹
戡_1,het706,知侵三開 上張甚-重鈕,trim²,ʈim²
衕_0,het707,定東一開 平徒紅,duwng¹,duŋʷ¹
衕_1,het707,定東一開 去徒弄,duwng³,duŋʷ³
跂_0,het708,群支三開 平巨支,gje¹,gje¹
跂_1,het708,溪支三開 上丘弭-重鈕,khje²,kʰje²
跂_2,het708,溪支三開 去去智,khje³,kʰje³
鉛,het709,以仙三合 平與專,ywen¹,jwen¹
𨟠_0,het710,溪仙三合 平丘圓-重鈕,khjwen¹,kʰjwen¹
𨟠_1,het710,溪陽三開 入去約,khjak⁴,kʰjak⁴
挑_0,het711,透蕭四開 平吐彫,thew¹,tʰew¹
挑_1,het711,透豪一開 平土刀,thaw¹,tʰaw¹
挑_2,het711,定蕭四開 上徒了,dew²,dew²
汗_0,het712,匣寒一開 平胡安,han¹,ɣan¹
汗_1,het712,見寒一開 平古寒,kan¹,kan¹
汗_2,het712,匣寒一開 去侯旰,han³,ɣan³
醍_0,het713,定齊四開 平杜奚,dej¹,dej¹
醍_1,het713,透齊四開 上他禮,thej²,tʰej²
棺_0,het714,見桓一合 平古丸,kwan¹,kwan¹
棺_1,het714,見桓一合 去古玩,kwan³,kwan³
媁_0,het715,影微三合 平於非,ʔjwɨj¹,ʔjwɨj¹
媁_1,het715,云微三合 上于鬼,hjwɨj²,ɣjwɨj²
絓_0,het716,溪佳二合 平苦緺,khwɛɨ¹,kʰwɛɨ¹
絓_1,het716,匣佳二合 去胡卦,hwɛɨ³,ɣwɛɨ³
祝_0,het717,章尤三開 去職救,tsyuw³,t͡ɕuw³
祝_1,het717,章東三開 入之六,tsyuwk⁴,t͡ɕukʷ⁴
飲_0,het718,影侵三開 上於錦-重鈕,ʔim²,ʔim²
飲_1,het718,影侵三開 去於禁-重鈕,ʔim³,ʔim³
鞴_0,het719,並脂三開 去平祕-重鈕,bij³,bij³
鞴_1,het719,並模一開 去薄故,bu³,bu³
鞴_2,het719,並東三開 入房六,bjuwk⁴,bjukʷ⁴
淊_0,het720,影咸二開 平乙咸,ʔɛm¹,ʔɛm¹
淊_1,het720,匣覃一開 上胡感,hom²,ɣom²
淊_2,het720,以鹽三開 上以冉,yem²,jem²
淊_3,het720,影咸二開 去於陷,ʔɛm³,ʔɛm³
瞑_0,het721,明先四開 平莫賢,men¹,men¹
瞑_1,het721,明青四開 平莫經,meng¹,meŋ¹
瞑_2,het721,明先四開 去莫甸,men³,men³
唯_0,het722,以脂三合 平以追,ywij¹,jwij¹
唯_1,het722,以脂三合 上以水,ywij²,jwij²
量_0,het723,來陽三開 平呂章,ljang¹,ljaŋ¹
量_1,het723,來陽三開 去力讓,ljang³,ljaŋ³
掃_0,het724,心豪一開 上蘇老,saw²,saw²
掃_1,het724,心豪一開 去蘇到,saw³,saw³
蛸_0,het725,心宵三開 平相邀,sjew¹,sjew¹
蛸_1,het725,生肴二開 平所交,sræw¹,ʂæw¹
鬠_0,het726,見泰一合 去古外,kwaj³,kwaj³
鬠_1,het726,匣桓一合 入戸括,hwat⁴,ɣwat⁴
枻,het727,以祭三開 去餘制,yej³,jej³
子,het728,精之三開 上即里,tsi²,t͡si²
湯_0,het729,書陽三開 平式羊,syang¹,ɕaŋ¹
湯_1,het729,透唐一開 平吐郎,thang¹,tʰaŋ¹
湯_2,het729,透唐一開 去他浪,thang³,tʰaŋ³
薔_0,het730,從陽三開 平在良,dzjang¹,d͡zjaŋ¹
薔_1,het730,生蒸三開 入所力,srik⁴,ʂik⁴
梏_0,het731,見冬一開 入古沃,kowk⁴,kokʷ⁴
梏_1,het731,見江二開 入古岳,kæwk⁴,kækʷ⁴
瑱_0,het732,知眞三開 去陟刃-重鈕,trin³,ʈin³
瑱_1,het732,透先四開 去他甸,then³,tʰen³
惔_0,het733,定談一開 平徒甘,dam¹,dam¹
惔_1,het733,定談一開 上徒敢,dam²,dam²
惔_2,het733,定談一開 去徒濫,dam³,dam³
濜_0,het734,精眞三開 平將鄰,tsin¹,t͡sin¹
濜_1,het734,從眞三開 上慈忍,dzin²,d͡zin²
濜_2,het734,崇眞三開 上鉏紖-重鈕,dzrin²,ɖ͡ʐin²
濜_3,het734,邪眞三開 去徐刃,zin³,zin³
濟_0,het735,精齊四開 上子禮,tsej²,t͡sej²
濟_1,het735,精齊四開 去子計,tsej³,t͡sej³
眭_0,het736,曉支三合 平許規,xjwe¹,xjwe¹
眭_1,het736,心支三合 平息爲,sjwe¹,sjwe¹
眭_2,het736,曉脂三合 平許維,xwij¹,xwij¹
眭_3,het736,匣齊四合 平戸圭,hwej¹,ɣwej¹
惡_0,het737,影模一開 平哀都,ʔu¹,ʔu¹
惡_1,het737,影模一開 去烏路,ʔu³,ʔu³
惡_2,het737,影唐一開 入烏各,ʔak⁴,ʔak⁴
散_0,het738,心寒一開 上蘇旱,san²,san²
散_1,het738,心寒一開 去蘇旰,san³,san³
菲_0,het739,滂微三合 平芳非,phjwɨj¹,pʰjwɨj¹
菲_1,het739,滂微三合 上敷尾,phjwɨj²,pʰjwɨj²
菲_2,het739,並微三合 去扶沸,bjwɨj³,bjwɨj³
造_0,het740,從豪一開 上昨早,dzaw²,d͡zaw²
造_1,het740,清豪一開 去七到,tshaw³,t͡sʰaw³
觀_0,het741,見桓一合 平古丸,kwan¹,kwan¹
觀_1,het741,見桓一合 去古玩,kwan³,kwan³
佋_0,het742,常宵三開 平市昭,dzyew¹,d͡ʑew¹
佋_1,het742,常宵三開 上市沼,dzyew²,d͡ʑew²
副_0,het743,滂尤三開 去敷救,phjuw³,pʰjuw³
副_1,het743,滂東三開 入芳福,phjuwk⁴,pʰjukʷ⁴
副_2,het743,滂蒸三開 入芳逼,phik⁴,pʰik⁴
匹,het744,滂眞三開 入譬吉,phit⁴,pʰit⁴
奲,het745,昌麻三開 上昌者,tshyæ²,t͡ɕʰæ²
彈_0,het746,定寒一開 平徒干,dan¹,dan¹
彈_1,het746,定寒一開 去徒案,dan³,dan³
僎_0,het747,精諄三合 平將倫,tswin¹,t͡swin¹
僎_1,het747,崇仙三合 上士免-重鈕,dzrjwen²,ɖ͡ʐjwen²
僎_2,het747,崇仙三合 去士戀-重鈕,dzrjwen³,ɖ͡ʐjwen³
眾_0,het748,章東三開 平職戎,tsyuwng¹,t͡ɕuŋʷ¹
眾_1,het748,章東三開 去之仲,tsyuwng³,t͡ɕuŋʷ³
漸_0,het749,精鹽三開 平子廉,tsjem¹,t͡sjem¹
漸_1,het749,從鹽三開 上慈染,dzjem²,d͡zjem²
夢_0,het750,明東三開 平莫中,mjuwng¹,mjuŋʷ¹
夢_1,het750,明東三開 去莫鳳,mjuwng³,mjuŋʷ³
行_0,het751,匣唐一開 平胡郎,hang¹,ɣaŋ¹
行_1,het751,匣庚二開 平戸庚,hæng¹,ɣæŋ¹
行_2,het751,匣唐一開 去下浪,hang³,ɣaŋ³
行_3,het751,匣庚二開 去下更,hæng³,ɣæŋ³
間_0,het752,見山二開 平古閑,kɛn¹,kɛn¹
間_1,het752,見山二開 去古莧,kɛn³,kɛn³
冓_0,het753,見侯一開 平古侯,kuw¹,kuw¹
冓_1,het753,見侯一開 去古候,kuw³,kuw³
契_0,het754,溪齊四開 去苦計,khej³,kʰej³
契_1,het754,溪欣三開 入去迄,khjɨt⁴,kʰjɨt⁴
契_2,het754,溪先四開 入苦結,khet⁴,kʰet⁴
浩_0,het755,匣豪一開 上胡老,haw²,ɣaw²
浩_1,het755,見覃一開 入古沓,kop⁴,kop⁴
杓_0,het756,幫宵三開 平甫遙,pjew¹,pjew¹
杓_1,het756,滂宵三開 平撫招,phjew¹,pʰjew¹
杓_2,het756,常陽三開 入市若,dzyak⁴,d͡ʑak⁴
杓_3,het756,端青四開 入都歷,tek⁴,tek⁴
粥_0,het757,以東三開 入余六,yuwk⁴,jukʷ⁴
粥_1,het757,章東三開 入之六,tsyuwk⁴,t͡ɕukʷ⁴
正_0,het758,章清三開 平諸盈,tsyieng¹,t͡ɕieŋ¹
正_1,het758,章清三開 去之盛,tsyieng³,t͡ɕieŋ³
暈,het759,云文三合 去王問,hjun³,ɣjun³
隺,het760,匣冬一開 入胡沃,howk⁴,ɣokʷ⁴
酇,het761,從桓一合 平在丸,dzwan¹,d͡zwan¹
黦_0,het762,影文三合 入紆物,ʔjut⁴,ʔjut⁴
黦_1,het762,影元三合 入於月,ʔjwot⁴,ʔjwot⁴
黦_2,het762,影元三開 入於歇,ʔjot⁴,ʔjot⁴
徛_0,het763,群支三開 上渠綺-重鈕,gje²,gje²
徛_1,het763,見支三開 去居義-重鈕,kje³,kje³
㑳_0,het764,莊虞三合 平莊俱,tsrju¹,ʈ͡ʂju¹
㑳_1,het764,崇尤三開 去鋤佑,dzrjuw³,ɖ͡ʐjuw³
㑳_2,het764,娘咸二開 入女洽,nrɛp⁴,ɳɛp⁴
溓_0,het765,來添四開 平勒兼,lem¹,lem¹
溓_1,het765,來鹽三開 上良冉,ljem²,ljem²
溓_2,het765,來添四開 上力忝,lem²,lem²
嘐_0,het766,見肴二開 平古肴,kæw¹,kæw¹
嘐_1,het766,曉肴二開 平許交,xæw¹,xæw¹
濎,het767,端青四開 上都挺,teng²,teŋ²
焌_0,het768,精諄三合 去子峻,tswin³,t͡swin³
焌_1,het768,精魂一合 去子寸,tswon³,t͡swon³
焌_2,het768,清諄三合 入倉聿,tshwit⁴,t͡sʰwit⁴
饌_0,het769,崇刪二合 上雛鯇,dzrwæn²,ɖ͡ʐwæn²
饌_1,het769,崇仙三合 去士戀-重鈕,dzrjwen³,ɖ͡ʐjwen³
淡_0,het770,定談一開 平徒甘,dam¹,dam¹
淡_1,het770,定談一開 上徒敢,dam²,dam²
淡_2,het770,以鹽三開 上以冉,yem²,jem²
淡_3,het770,定談一開 去徒濫,dam³,dam³
平_0,het771,並仙三開 平房連,bjen¹,bjen¹
平_1,het771,並庚三開 平符兵,bjæng¹,bjæŋ¹
眯,het772,明齊四開 上莫禮,mej²,mej²
房_0,het773,並陽三合 平符方,bjwang¹,bjwaŋ¹
房_1,het773,並唐一開 平步光,bang¹,baŋ¹
翟_0,het774,澄庚二開 入瑒伯,dræk⁴,ɖæk⁴
翟_1,het774,定青四開 入徒歷,dek⁴,dek⁴
躍,het775,以陽三開 入以灼,yak⁴,jak⁴
聞_0,het776,明文三合 平無分,mjun¹,mjun¹
聞_1,het776,明文三合 去亡運,mjun³,mjun³
騶,het777,莊尤三開 平側鳩,tsrjuw¹,ʈ͡ʂjuw¹
郇_0,het778,心諄三合 平相倫,swin¹,swin¹
郇_1,het778,匣刪二合 平戸關,hwæn¹,ɣwæn¹
夫_0,het779,並虞三合 平防無,bju¹,bju¹
夫_1,het779,幫虞三合 平甫無,pju¹,pju¹
穰_0,het780,日陽三開 平汝陽,nyang¹,ɲaŋ¹
穰_1,het780,日陽三開 上如兩,nyang²,ɲaŋ²
氣_0,het781,溪微三開 去去旣,khjɨj³,kʰjɨj³
氣_1,het781,曉微三開 去許旣,xjɨj³,xjɨj³
瀰_0,het782,明支三開 平武移,mje¹,mje¹
瀰_1,het782,明支三開 上綿婢,mje²,mje²
瀰_2,het782,泥齊四開 上奴禮,nej²,nej²
轉_0,het783,知仙三合 上陟兖-重鈕,trjwen²,ʈjwen²
轉_1,het783,知仙三合 去知戀-重鈕,trjwen³,ʈjwen³
橫_0,het784,見唐一合 平古黃,kwang¹,kwaŋ¹
橫_1,het784,匣庚二合 平戸盲,hwæng¹,ɣwæŋ¹
橫_2,het784,匣庚二合 去戸孟,hwæng³,ɣwæŋ³
妃_0,het785,滂微三合 平芳非,phjwɨj¹,pʰjwɨj¹
妃_1,het785,滂灰一合 去滂佩,phwoj³,pʰwoj³
踧_0,het786,精東三開 入子六,tsjuwk⁴,t͡sjukʷ⁴
踧_1,het786,定青四開 入徒歷,dek⁴,dek⁴
徵_0,het787,知蒸三開 平陟陵,tring¹,ʈiŋ¹
徵_1,het787,知之三開 上陟里,tri²,ʈi²
熨_0,het788,影微三合 去於胃,ʔjwɨj³,ʔjwɨj³
熨_1,het788,影文三合 入紆物,ʔjut⁴,ʔjut⁴
繁_0,het789,並元三合 平附袁,bjwon¹,bjwon¹
繁_1,het789,並桓一合 平薄官,bwan¹,bwan¹
繁_2,het789,並戈一合 平薄波,bwa¹,bwa¹
愾_0,het790,曉微三開 去許旣,xjɨj³,xjɨj³
愾_1,het790,溪咍一開 去苦蓋,khoj³,kʰoj³
蜍_0,het791,以魚三開 平以諸,yo¹,jo¹
蜍_1,het791,常魚三開 平署魚,dzyo¹,d͡ʑo¹
綜,het792,精冬一開 去子宋,tsowng³,t͡soŋʷ³
咎_0,het793,見豪一開 平古勞,kaw¹,kaw¹
咎_1,het793,群尤三開 上其九,gjuw²,gjuw²
榔_0,het794,來唐一開 平魯當,lang¹,laŋ¹
榔_1,het794,來唐一開 上盧黨,lang²,laŋ²
靬_0,het795,見元三開 平居言,kjon¹,kjon¹
靬_1,het795,溪寒一開 平苦寒,khan¹,kʰan¹
靬_2,het795,見山二開 平古閑,kɛn¹,kɛn¹
靬_3,het795,溪寒一開 去苦旰,khan³,kʰan³
風_0,het796,幫東三開 平方戎,pjuwng¹,pjuŋʷ¹
風_1,het796,幫東三開 去方鳳,pjuwng³,pjuŋʷ³
趣_0,het797,清侯一開 上蒼苟,tshuw²,t͡sʰuw²
趣_1,het797,清虞三合 去七句,tshju³,t͡sʰju³
谷_0,het798,見東一開 入古禄,kuwk⁴,kukʷ⁴
谷_1,het798,來東一開 入盧谷,luwk⁴,lukʷ⁴
谷_2,het798,以鍾三開 入余蜀,yowk⁴,jokʷ⁴
檠_0,het799,群庚三開 平渠京,gjæng¹,gjæŋ¹
檠_1,het799,群庚三開 去渠敬,gjæng³,gjæŋ³
僅,het800,群眞三開 去渠遴-重鈕,gin³,gin³
煠_0,het801,以鹽三開 入與涉,yep⁴,jep⁴
煠_1,het801,徹鹽三開 入丑輒-重鈕,trhjep⁴,ʈʰjep⁴
煠_2,het801,崇咸二開 入士洽,dzrɛp⁴,ɖ͡ʐɛp⁴
鱖_0,het802,見祭三合 去居衛-重鈕,kjwej³,kjwej³
鱖_1,het802,見元三合 入居月,kjwot⁴,kjwot⁴
緵_0,het804,精東一開 平子紅,tsuwng¹,t͡suŋʷ¹
緵_1,het804,精東一開 去作弄,tsuwng³,t͡suŋʷ³
潎_0,het805,滂祭三開 去匹蔽,phjej³,pʰjej³
潎_1,het805,滂仙三開 入芳滅,phjet⁴,pʰjet⁴
矇,het806,明東一開 平莫紅,muwng¹,muŋʷ¹
費_0,het807,幫脂三開 去兵媚-重鈕,pij³,pij³
費_1,het807,滂微三合 去芳未,phjwɨj³,pʰjwɨj³
費_2,het807,並微三合 去扶沸,bjwɨj³,bjwɨj³
伹_0,het808,清魚三開 平七余,tshjo¹,t͡sʰjo¹
伹_1,het808,從模一開 上徂古,dzu²,d͡zu²
貉_0,het809,匣唐一開 入下各,hak⁴,ɣak⁴
貉_1,het809,明庚二開 入莫白,mæk⁴,mæk⁴
累_0,het810,來支三合 上力委,ljwe²,ljwe²
累_1,het810,來支三合 去良僞,ljwe³,ljwe³
翦,het811,精仙三開 上即淺,tsjen²,t͡sjen²
遣_0,het812,溪仙三開 上去演,khjen²,kʰjen²
遣_1,het812,溪仙三開 去去戰,khjen³,kʰjen³
定_0,het813,定青四開 去徒徑,deng³,deŋ³
定_1,het813,端青四開 去丁定,teng³,teŋ³
除_0,het814,澄魚三開 平直魚,drjo¹,ɖjo¹
除_1,het814,澄魚三開 去遟倨,drjo³,ɖjo³
供_0,het815,見鍾三開 平九容,kjowng¹,kjoŋʷ¹
供_1,het815,見鍾三開 去居用,kjowng³,kjoŋʷ³
瑁_0,het816,明灰一合 去莫佩,mwoj³,mwoj³
瑁_1,het816,明豪一開 去莫報,maw³,maw³
瑁_2,het816,明冬一開 入莫沃,mowk⁴,mokʷ⁴
扶_0,het817,並虞三合 平防無,bju¹,bju¹
扶_1,het817,幫虞三合 平甫無,pju¹,pju¹
共_0,het818,見鍾三開 平九容,kjowng¹,kjoŋʷ¹
共_1,het818,群鍾三開 去渠用,gjowng³,gjoŋʷ³
枸_0,het819,見侯一開 平古侯,kuw¹,kuw¹
枸_1,het819,見虞三合 上俱雨,kju²,kju²
枸_2,het819,見侯一開 上古厚,kuw²,kuw²
酓_0,het820,影鹽三開 上於琰,ʔjem²,ʔjem²
酓_1,het820,影添四開 去於念,ʔem³,ʔem³
洋_0,het821,以陽三開 平與章,yang¹,jaŋ¹
洋_1,het821,邪陽三開 平似羊,zjang¹,zjaŋ¹
經_0,het822,見青四開 平古靈,keng¹,keŋ¹
經_1,het822,見青四開 去古定,keng³,keŋ³
筠,het823,云眞三合 平爲贇-重鈕,hjin¹,ɣjin¹
塞_0,het824,心咍一開 去先代,soj³,soj³
塞_1,het824,心登一開 入蘇則,sok⁴,sok⁴
鴺_0,het825,以脂三開 平以脂,yij¹,jij¹
鴺_1,het825,定齊四開 平杜奚,dej¹,dej¹
涉_0,het826,常鹽三開 入時攝,dzyep⁴,d͡ʑep⁴
涉_1,het826,端添四開 入丁愜,tep⁴,tep⁴
蕃_0,het827,並元三合 平附袁,bjwon¹,bjwon¹
蕃_1,het827,幫元三合 平甫煩,pjwon¹,pjwon¹
奔_0,het828,幫魂一合 平博昆,pwon¹,pwon¹
奔_1,het828,幫魂一合 去甫悶,pwon³,pwon³
彷_0,het829,並唐一開 平步光,bang¹,baŋ¹
彷_1,het829,滂陽三合 上妃兩,phjwang²,pʰjwaŋ²
侲_0,het830,章眞三開 平側鄰,tsyin¹,t͡ɕin¹
侲_1,het830,章眞三開 去章刃,tsyin³,t͡ɕin³
枕_0,het831,澄侵三開 平直深-重鈕,drim¹,ɖim¹
枕_1,het831,章侵三開 上章荏,tsyim²,t͡ɕim²
枕_2,het831,章侵三開 去之任,tsyim³,t͡ɕim³
浸_0,het832,清侵三開 平七林,tshim¹,t͡sʰim¹
浸_1,het832,精侵三開 去子鴆,tsim³,t͡sim³
任_0,het833,日侵三開 平如林,nyim¹,ɲim¹
任_1,het833,日侵三開 去汝鴆,nyim³,ɲim³
罷_0,het834,並支三開 平符羈-重鈕,bje¹,bje¹
罷_1,het834,並支三開 上皮彼-重鈕,bje²,bje²
罷_2,het834,並佳二開 上薄蟹,bɛɨ²,bɛɨ²
勺_0,het835,章陽三開 入之若,tsyak⁴,t͡ɕak⁴
勺_1,het835,常陽三開 入市若,dzyak⁴,d͡ʑak⁴
燃,het836,日仙三開 平如延,nyen¹,ɲen¹
邋_0,het837,來談一開 入盧盍,lap⁴,lap⁴
邋_1,het837,來鹽三開 入良涉,ljep⁴,ljep⁴
擭_0,het838,匣模一開 去胡誤,hu³,ɣu³
擭_1,het838,匣唐一合 入胡郭,hwak⁴,ɣwak⁴
擭_2,het838,影庚三合 入一虢,ʔjwæk⁴,ʔjwæk⁴
奢,het839,書麻三開 平式車,syæ¹,ɕæ¹
㩻_0,het840,溪支三開 平去奇-重鈕,khje¹,kʰje¹
㩻_1,het840,見支三合 去詭僞-重鈕,kjwe³,kjwe³
斁_0,het841,定模一開 去徒故,du³,du³
斁_1,het841,端模一開 去當故,tu³,tu³
斁_2,het841,以清三開 入羊益,yek⁴,jek⁴
莘,het843,生臻三開 平所臻,srin¹,ʂin¹
蒔_0,het844,常之三開 平市之,dzyi¹,d͡ʑi¹
蒔_1,het844,常之三開 去時吏,dzyi³,d͡ʑi³
輸_0,het845,書虞三合 平式朱,syu¹,ɕu¹
輸_1,het845,書虞三合 去傷遇,syu³,ɕu³
扳_0,het846,幫刪二開 平布還,pæn¹,pæn¹
扳_1,het846,滂刪二開 平普班,phæn¹,pʰæn¹
潪_0,het847,知支三開 去知義-重鈕,trje³,ʈje³
潪_1,het847,澄清三開 入直炙,drjek⁴,ɖjek⁴
䯜_0,het848,心清三開 入思積,sjek⁴,sjek⁴
䯜_1,het848,透青四開 入他歷,thek⁴,tʰek⁴
哴_0,het849,來唐一開 平魯當,lang¹,laŋ¹
哴_1,het849,來陽三開 去力讓,ljang³,ljaŋ³
畫_0,het850,匣佳二合 去胡卦,hwɛɨ³,ɣwɛɨ³
畫_1,het850,匣耕二合 入胡麥,hwɛk⁴,ɣwɛk⁴
鞘_0,het851,生肴二開 平所交,sræw¹,ʂæw¹
鞘_1,het851,心宵三開 去私妙,sjew³,sjew³
檼,het852,影欣三開 去於靳,ʔjɨn³,ʔjɨn³
蔚_0,het853,影微三合 去於胃,ʔjwɨj³,ʔjwɨj³
蔚_1,het853,影文三合 入紆物,ʔjut⁴,ʔjut⁴
袷_0,het854,見咸二開 入古洽,kɛp⁴,kɛp⁴
袷_1,het854,見嚴三開 入居怯,kjæp⁴,kjæp⁴
漂_0,het855,滂宵三開 平撫招,phjew¹,pʰjew¹
漂_1,het855,滂宵三開 去匹妙,phjew³,pʰjew³
芍_0,het856,匣蕭四開 上胡了,hew²,ɣew²
芍_1,het856,常陽三開 入市若,dzyak⁴,d͡ʑak⁴
芍_2,het856,清陽三開 入七雀,tshjak⁴,t͡sʰjak⁴
芍_3,het856,知陽三開 入張略,trjak⁴,ʈjak⁴
芍_4,het856,端青四開 入都歷,tek⁴,tek⁴
鮭_0,het857,見齊四合 平古攜,kwej¹,kwej¹
鮭_1,het857,溪齊四合 平苦圭,khwej¹,kʰwej¹
鮭_2,het857,匣佳二開 平戸佳,hɛɨ¹,ɣɛɨ¹
䀴_0,het858,疑青四開 上五剄,ngeng²,ŋeŋ²
䀴_1,het858,疑咸二開 入五夾,ngɛp⁴,ŋɛp⁴
𤿙_0,het859,並支三開 去平義-重鈕,bje³,bje³
𤿙_1,het859,莊支三開 去爭義-重鈕,tsrje³,ʈ͡ʂje³
歜_0,het860,從覃一開 上徂感,dzom²,d͡zom²
歜_1,het860,昌鍾三開 入尺玉,tshyowk⁴,t͡ɕʰokʷ⁴
踶_0,het861,澄支三開 上池爾-重鈕,drje²,ɖje²
踶_1,het861,定齊四開 去特計,dej³,dej³
僝_0,het862,崇山二開 平士山,dzrɛn¹,ɖ͡ʐɛn¹
僝_1,het862,崇仙三合 去士戀-重鈕,dzrjwen³,ɖ͡ʐjwen³
剡_0,het863,以鹽三開 上以冉,yem²,jem²
剡_1,het863,常鹽三開 上時染,dzyem²,d͡ʑem²
使_0,het864,生之三開 上踈士,sri²,ʂi²
使_1,het864,生之三開 去踈吏,sri³,ʂi³
陾_0,het865,日之三開 平如之,nyi¹,ɲi¹
陾_1,het865,泥侯一開 上乃后,nuw²,nuw²
抪_0,het866,幫模一開 平博孤,pu¹,pu¹
抪_1,het866,幫模一開 去愽故,pu³,pu³
繰_0,het867,心豪一開 平蘇遭,saw¹,saw¹
繰_1,het867,精豪一開 上子晧,tsaw²,t͡saw²
栩_0,het868,云虞三合 上王矩,hju²,ɣju²
栩_1,het868,曉虞三合 上況羽,xju²,xju²
從_0,het869,從鍾三開 平疾容,dzjowng¹,d͡zjoŋʷ¹
從_1,het869,清鍾三開 平七恭,tshjowng¹,t͡sʰjoŋʷ¹
從_2,het869,從鍾三開 去疾用,dzjowng³,d͡zjoŋʷ³
䫔_0,het870,溪齊四開 去苦計,khej³,kʰej³
䫔_1,het870,溪先四開 入苦結,khet⁴,kʰet⁴
澳_0,het871,影豪一開 去烏到,ʔaw³,ʔaw³
澳_1,het871,影東三開 入於六,ʔjuwk⁴,ʔjukʷ⁴
繳_0,het872,見蕭四開 上古了,kew²,kew²
繳_1,het872,章陽三開 入之若,tsyak⁴,t͡ɕak⁴
繳_2,het872,匣耕二開 入下革,hɛk⁴,ɣɛk⁴
闍_0,het873,端模一開 平當孤,tu¹,tu¹
闍_1,het873,常麻三開 平視遮,dzyæ¹,d͡ʑæ¹
粵,het874,云元三合 入王伐,hjwot⁴,ɣjwot⁴
嚇_0,het875,曉麻二開 去呼訝,xæ³,xæ³
嚇_1,het875,曉庚二開 入呼格,xæk⁴,xæk⁴
檮_0,het876,定豪一開 平徒刀,daw¹,daw¹
檮_1,het876,澄尤三開 平直由,drjuw¹,ɖjuw¹
檮_2,het876,端豪一開 上都晧,taw²,taw²
襆_0,het877,幫東一開 入博木,puwk⁴,pukʷ⁴
襆_1,het877,並鍾三開 入房玉,bjowk⁴,bjokʷ⁴
解_0,het878,匣佳二開 上胡買,hɛɨ²,ɣɛɨ²
解_1,het878,見佳二開 上佳買,kɛɨ²,kɛɨ²
解_2,het878,見佳二開 去古隘,kɛɨ³,kɛɨ³
解_3,het878,匣佳二開 去胡懈,hɛɨ³,ɣɛɨ³
仰_0,het879,疑陽三開 上魚兩,ngjang²,ŋjaŋ²
仰_1,het879,疑陽三開 去魚向,ngjang³,ŋjaŋ³
些_0,het880,心麻三開 平寫邪,sjæ¹,sjæ¹
些_1,het880,心齊四開 去蘇計,sej³,sej³
些_2,het880,心歌一開 去蘇箇,sa³,sa³
輠_0,het881,匣灰一合 上胡罪,hwoj²,ɣwoj²
輠_1,het881,見戈一合 上古火,kwa²,kwa²
輠_2,het881,匣戈一合 上胡果,hwa²,ɣwa²
輠_3,het881,匣麻二合 上胡瓦,hwæ²,ɣwæ²
眗_0,het882,群虞三合 平其俱,gju¹,gju¹
眗_1,het882,見虞三合 平舉朱,kju¹,kju¹
衰_0,het883,初支三合 平楚危-重鈕,tshrjwe¹,ʈ͡ʂʰjwe¹
衰_1,het883,生脂三合 平所追-重鈕,srwij¹,ʂwij¹
好_0,het884,曉豪一開 上呼晧,xaw²,xaw²
好_1,het884,曉豪一開 去呼到,xaw³,xaw³
鳭,het885,知肴二開 平陟交,træw¹,ʈæw¹
茄_0,het886,群戈三開 平求迦,gjwa¹,gjwa¹
茄_1,het886,見麻二開 平古牙,kæ¹,kæ¹
鋪_0,het887,滂虞三合 平芳無,phju¹,pʰju¹
鋪_1,het887,滂模一開 平普胡,phu¹,pʰu¹
鋪_2,het887,滂模一開 去普故,phu³,pʰu³
治_0,het888,澄之三開 平直之,dri¹,ɖi¹
治_1,het888,澄脂三開 去直利-重鈕,drij³,ɖij³
治_2,het888,澄之三開 去直吏,dri³,ɖi³
堵_0,het889,端模一開 上當古,tu²,tu²
堵_1,het889,章麻三開 上章也,tsyæ²,t͡ɕæ²
肚_0,het890,定模一開 上徒古,du²,du²
肚_1,het890,端模一開 上當古,tu²,tu²
若_0,het891,日麻三開 平人賒,nyæ¹,ɲæ¹
若_1,het891,日麻三開 上人者,nyæ²,ɲæ²
若_2,het891,日陽三開 入而灼,nyak⁴,ɲak⁴
射_0,het892,以麻三開 去羊謝,yæ³,jæ³
射_1,het892,船麻三開 去神夜,zyæ³,ʑæ³
射_2,het892,以清三開 入羊益,yek⁴,jek⁴
射_3,het892,船清三開 入食亦,zyek⁴,ʑek⁴
揲_0,het893,船仙三開 入食列,zyet⁴,ʑet⁴
揲_1,het893,以鹽三開 入與涉,yep⁴,jep⁴
揲_2,het893,定添四開 入徒協,dep⁴,dep⁴
蹡_0,het894,清陽三開 平七羊,tshjang¹,t͡sʰjaŋ¹
蹡_1,het894,清陽三開 去七亮,tshjang³,t͡sʰjaŋ³
帆_0,het895,並凡三合 平符咸,bjom¹,bjom¹
帆_1,het895,並凡三合 去扶泛,bjom³,bjom³
淜,het896,並蒸三開 平扶冰,bing¹,biŋ¹
搭,het897,透談一開 入吐盍,thap⁴,tʰap⁴
徬,het898,並唐一開 去蒲浪,bang³,baŋ³
